{"schemaVersion":2,"sport":"mlb","generatedAt":"2026-07-02T14:12:12.386Z","raw":{"buckets":{"main":{"5-1":{"n":13632,"wins":1,"top10":13,"cash":2952,"pay":31708.414685171156,"fee":49655,"nC":9},"4-2":{"n":9813,"wins":3,"top10":10,"cash":2141,"pay":72436.41418782367,"fee":37480.25,"nC":9},"5-2":{"n":30805,"wins":2,"top10":33,"cash":7324,"pay":59482.93081817608,"fee":95171.25,"nC":9},"4-3":{"n":7985,"wins":0,"top10":4,"cash":1864,"pay":25791.42128489327,"fee":31781.5,"nC":9},"3-2":{"n":8936,"wins":1,"top10":5,"cash":2088,"pay":17749.616227737788,"fee":33122,"nC":9},"5-3":{"n":13763,"wins":0,"top10":10,"cash":3224,"pay":37886.156588669946,"fee":42519.25,"nC":9},"2-x":{"n":10172,"wins":1,"top10":12,"cash":2491,"pay":50176.36825975749,"fee":37582.5,"nC":9},"3-3":{"n":3779,"wins":0,"top10":1,"cash":846,"pay":7166.696243842364,"fee":14320,"nC":9},"4-4":{"n":2249,"wins":0,"top10":1,"cash":518,"pay":5134.619252873563,"fee":9660.75,"nC":9},"3-1":{"n":2017,"wins":1,"top10":2,"cash":443,"pay":3819.917992926614,"fee":7843.5,"nC":9},"4-1":{"n":3444,"wins":0,"top10":1,"cash":751,"pay":5906.9444581280795,"fee":12704,"nC":9},"scattered":{"n":706,"wins":0,"top10":0,"cash":152,"pay":738,"fee":2107,"nC":9}},"large":{"5-2":{"n":109334,"wins":9,"top10":127,"cash":26196,"pay":418575.5333324248,"fee":323429.25,"nC":25},"4-1":{"n":9269,"wins":0,"top10":3,"cash":1803,"pay":13076.100258799175,"fee":31497.25,"nC":25},"5-3":{"n":59624,"wins":1,"top10":48,"cash":15790,"pay":140363.76005001614,"fee":186664,"nC":25},"5-1":{"n":40087,"wins":2,"top10":25,"cash":9329,"pay":142197.02889854755,"fee":137027.75,"nC":25},"4-2":{"n":23171,"wins":2,"top10":16,"cash":5249,"pay":44047.8411762967,"fee":79788.5,"nC":25},"4-4":{"n":9550,"wins":4,"top10":12,"cash":2456,"pay":64155.20751529401,"fee":38704.25,"nC":25},"3-2":{"n":18705,"wins":1,"top10":12,"cash":4213,"pay":40505.44709441492,"fee":72772.25,"nC":25},"4-3":{"n":23434,"wins":1,"top10":11,"cash":5593,"pay":45481.13986133765,"fee":84877.25,"nC":25},"3-3":{"n":8866,"wins":0,"top10":4,"cash":2094,"pay":19146.875185523488,"fee":35662.5,"nC":25},"3-1":{"n":6566,"wins":1,"top10":1,"cash":1249,"pay":9681.18816539541,"fee":24254.75,"nC":25},"2-x":{"n":34624,"wins":1,"top10":9,"cash":5919,"pay":57052.92545443011,"fee":129154.75,"nC":25},"scattered":{"n":6143,"wins":1,"top10":1,"cash":700,"pay":4909.953007518797,"fee":22501,"nC":25}}},"global":{"5-1":{"n":53719,"wins":3,"top10":38,"cash":12281,"pay":173905.44358371885,"fee":186682.75,"nC":34},"4-2":{"n":32984,"wins":5,"top10":26,"cash":7390,"pay":116484.25536412034,"fee":117268.75,"nC":34},"5-2":{"n":140139,"wins":11,"top10":160,"cash":33520,"pay":478058.4641506011,"fee":418600.5,"nC":34},"4-3":{"n":31419,"wins":1,"top10":15,"cash":7457,"pay":71272.5611462309,"fee":116658.75,"nC":34},"3-2":{"n":27641,"wins":2,"top10":17,"cash":6301,"pay":58255.06332215269,"fee":105894.25,"nC":34},"5-3":{"n":73387,"wins":1,"top10":58,"cash":19014,"pay":178249.916638686,"fee":229183.25,"nC":34},"2-x":{"n":44796,"wins":2,"top10":21,"cash":8410,"pay":107229.29371418759,"fee":166737.25,"nC":34},"3-3":{"n":12645,"wins":0,"top10":5,"cash":2940,"pay":26313.571429365846,"fee":49982.5,"nC":34},"4-4":{"n":11799,"wins":4,"top10":13,"cash":2974,"pay":69289.82676816758,"fee":48365,"nC":34},"3-1":{"n":8583,"wins":2,"top10":3,"cash":1692,"pay":13501.106158322018,"fee":32098.25,"nC":34},"4-1":{"n":12713,"wins":0,"top10":4,"cash":2554,"pay":18983.044716927256,"fee":44201.25,"nC":34},"scattered":{"n":6849,"wins":1,"top10":1,"cash":852,"pay":5647.953007518797,"fee":24608,"nC":34}},"winKeys":{"2026-07-01|e2553650e1994360":1,"2026-07-01|908f37915ffe7d5c":1,"2026-07-01|b06bfa39aae69ad0":1,"2026-07-01|ae59448656e4e730":1,"2026-07-01|3dd1300f2dc711c0":1,"2026-06-30|ba13a047375e3076":1,"2026-06-30|cebc0ac9c36e4a39":1,"2026-06-30|87775c99928a5258":1,"2026-06-30|485dbd13aaf496f6":1,"2026-06-30|54ea2386a7a31cbc":1,"2026-06-29|85c7a68bb5f225f4":1,"2026-06-29|91068debba38bd87":1,"2026-06-29|bbf7cbd92f4dfa64":1,"2026-06-28|af39403287d801b2":1,"2026-06-28|b1aea23f8c06911f":1,"2026-06-28|e4bca07843616594":1,"2026-06-28|58842cb4808a795f":1,"2026-06-28|800345dcb0aa1dee":1,"2026-06-27|c328e6e90dd6b56b":1,"2026-06-27|497b9eee9c645de5":1,"2026-06-27|91c0918f22c9d9a1":1,"2026-06-27|fe1a4dc6e663ef02":1,"2026-06-27|ebcfadb34ce6d605":1,"2026-06-26|e6c7e17bfc75ed60":1,"2026-06-26|911b0e6e1f7d4a80":1,"2026-06-26|3efe5bee419d83e8":1,"2026-06-26|cb1c97d85bd2efde":1,"2026-06-26|82b08d8ddb99e31b":1,"2026-06-25|8ac5250f35bdd183":1,"2026-06-25|026beab33acbb46d":1,"2026-06-25|60a00cc1d8e3981b":1,"2026-06-25|b36694e42093e2ce":1}},"shapeRoi":{"small":{"fieldAvgRoiPct":0,"shapes":{}},"main":{"fieldAvgRoiPct":-15,"shapes":{"5-1":{"winLift":0.986,"top10Lift":1.028,"cashLift":0.945,"winPct":0.007,"top10Pct":0.1,"cashPct":21.7,"roiPct":-36.1,"nEntries":13632,"wins":1,"top10":13,"cash":2952,"nContests":9},"4-2":{"winLift":1.721,"top10Lift":1.038,"cashLift":0.953,"winPct":0.031,"top10Pct":0.1,"cashPct":21.8,"roiPct":93.3,"nEntries":9813,"wins":3,"top10":10,"cash":2141,"nContests":9},"5-2":{"winLift":0.955,"top10Lift":1.113,"cashLift":1.027,"winPct":0.006,"top10Pct":0.11,"cashPct":23.8,"roiPct":-37.5,"nEntries":30805,"wins":2,"top10":33,"cash":7324,"nContests":9},"4-3":{"winLift":1,"top10Lift":0.962,"cashLift":1.008,"winPct":0,"top10Pct":0.05,"cashPct":23.3,"roiPct":-18.8,"nEntries":7985,"wins":0,"top10":4,"cash":1864,"nContests":9},"3-2":{"winLift":1.037,"top10Lift":0.961,"cashLift":1.009,"winPct":0.011,"top10Pct":0.06,"cashPct":23.4,"roiPct":-46.4,"nEntries":8936,"wins":1,"top10":5,"cash":2088,"nContests":9},"5-3":{"winLift":1,"top10Lift":0.969,"cashLift":1.012,"winPct":0,"top10Pct":0.07,"cashPct":23.4,"roiPct":-10.9,"nEntries":13763,"wins":0,"top10":10,"cash":3224,"nContests":9},"2-x":{"winLift":1.019,"top10Lift":1.087,"cashLift":1.052,"winPct":0.01,"top10Pct":0.12,"cashPct":24.5,"roiPct":33.5,"nEntries":10172,"wins":1,"top10":12,"cash":2491,"nContests":9},"3-3":{"winLift":1,"top10Lift":0.983,"cashLift":0.979,"winPct":0,"top10Pct":0.03,"cashPct":22.4,"roiPct":-50,"nEntries":3779,"wins":0,"top10":1,"cash":846,"nContests":9},"4-4":{"winLift":1,"top10Lift":0.988,"cashLift":0.998,"winPct":0,"top10Pct":0.04,"cashPct":23,"roiPct":-46.9,"nEntries":2249,"wins":0,"top10":1,"cash":518,"nContests":9},"3-1":{"winLift":1.546,"top10Lift":1.007,"cashLift":0.974,"winPct":0.05,"top10Pct":0.1,"cashPct":22,"roiPct":-51.3,"nEntries":2017,"wins":1,"top10":2,"cash":443,"nContests":9},"4-1":{"winLift":1,"top10Lift":0.984,"cashLift":0.963,"winPct":0,"top10Pct":0.03,"cashPct":21.8,"roiPct":-53.5,"nEntries":3444,"wins":0,"top10":1,"cash":751,"nContests":9},"scattered":{"winLift":1,"top10Lift":1,"cashLift":0.981,"winPct":0,"top10Pct":0,"cashPct":21.5,"roiPct":-65,"nEntries":706,"wins":0,"top10":0,"cash":152,"nContests":9}}},"large":{"fieldAvgRoiPct":-14.3,"shapes":{"5-2":{"winLift":1.133,"top10Lift":1.387,"cashLift":1.038,"winPct":0.008,"top10Pct":0.12,"cashPct":24,"roiPct":29.4,"nEntries":109334,"wins":9,"top10":127,"cash":26196,"nContests":25},"4-1":{"winLift":1,"top10Lift":0.96,"cashLift":0.872,"winPct":0,"top10Pct":0.03,"cashPct":19.5,"roiPct":-58.5,"nEntries":9269,"wins":0,"top10":3,"cash":1803,"nContests":25},"5-3":{"winLift":0.917,"top10Lift":1.025,"cashLift":1.144,"winPct":0.002,"top10Pct":0.08,"cashPct":26.5,"roiPct":-24.8,"nEntries":59624,"wins":1,"top10":48,"cash":15790,"nContests":25},"5-1":{"winLift":0.952,"top10Lift":0.927,"cashLift":1.009,"winPct":0.005,"top10Pct":0.06,"cashPct":23.3,"roiPct":3.8,"nEntries":40087,"wins":2,"top10":25,"cash":9329,"nContests":25},"4-2":{"winLift":1.062,"top10Lift":0.971,"cashLift":0.983,"winPct":0.009,"top10Pct":0.07,"cashPct":22.7,"roiPct":-44.8,"nEntries":23171,"wins":2,"top10":16,"cash":5249,"nContests":25},"4-4":{"winLift":2.787,"top10Lift":1.146,"cashLift":1.099,"winPct":0.042,"top10Pct":0.13,"cashPct":25.7,"roiPct":65.8,"nEntries":9550,"wins":4,"top10":12,"cash":2456,"nContests":25},"3-2":{"winLift":0.979,"top10Lift":0.962,"cashLift":0.978,