{"schemaVersion":2,"sport":"mlb","generatedAt":"2026-07-02T14:24:56.242Z","raw":{"buckets":{"main":{"5-1":{"n":29059,"wins":1,"top10":24,"cash":6608,"pay":59951.58722438123,"fee":101697.25,"nC":20},"4-2":{"n":19529,"wins":5,"top10":18,"cash":4417,"pay":139798.8266020604,"fee":69902.25,"nC":20},"5-2":{"n":71042,"wins":4,"top10":66,"cash":16692,"pay":207204.49147063115,"fee":215147.25,"nC":20},"4-3":{"n":16914,"wins":0,"top10":16,"cash":3928,"pay":44233.554459912855,"fee":63422,"nC":20},"3-2":{"n":17115,"wins":4,"top10":15,"cash":3976,"pay":36224.05461409862,"fee":62645,"nC":20},"5-3":{"n":34087,"wins":3,"top10":35,"cash":8292,"pay":88527.80779266388,"fee":114848.75,"nC":20},"2-x":{"n":20932,"wins":1,"top10":14,"cash":4470,"pay":64851.29259010096,"fee":75437.25,"nC":20},"3-3":{"n":7268,"wins":0,"top10":2,"cash":1635,"pay":13055.522844390662,"fee":28055.5,"nC":20},"4-4":{"n":5644,"wins":0,"top10":6,"cash":1339,"pay":14607.70486145662,"fee":23266,"nC":20},"3-1":{"n":4062,"wins":1,"top10":2,"cash":873,"pay":6573.310850069471,"fee":14612.25,"nC":20},"4-1":{"n":6939,"wins":1,"top10":5,"cash":1610,"pay":16794.225387166363,"fee":23927.75,"nC":20},"scattered":{"n":1438,"wins":0,"top10":0,"cash":266,"pay":1655.0485175202157,"fee":4571.5,"nC":20}},"large":{"5-2":{"n":188519,"wins":14,"top10":180,"cash":45191,"pay":583792.4806008338,"fee":597885.25,"nC":41},"4-1":{"n":17013,"wins":0,"top10":11,"cash":3496,"pay":40123.789745346796,"fee":57839.5,"nC":41},"5-3":{"n":100880,"wins":4,"top10":89,"cash":26285,"pay":333088.44512216497,"fee":350569.75,"nC":41},"5-1":{"n":70580,"wins":6,"top10":44,"cash":16487,"pay":312504.0105410425,"fee":248799,"nC":41},"4-2":{"n":41609,"wins":3,"top10":28,"cash":9487,"pay":146999.91543134023,"fee":150864.25,"nC":41},"4-4":{"n":16075,"wins":4,"top10":16,"cash":3950,"pay":80771.57354410773,"fee":69823.25,"nC":41},"3-2":{"n":33431,"wins":1,"top10":19,"cash":6984,"pay":82019.16666679135,"fee":130411.25,"nC":41},"4-3":{"n":41507,"wins":3,"top10":21,"cash":9861,"pay":84587.95997711708,"fee":156029,"nC":41},"3-3":{"n":15885,"wins":0,"top10":7,"cash":3541,"pay":34047.25626710676,"fee":65901.75,"nC":41},"3-1":{"n":11743,"wins":1,"top10":3,"cash":2126,"pay":16515.5943545336,"fee":40631.25,"nC":41},"2-x":{"n":59539,"wins":1,"top10":12,"cash":10207,"pay":87838.19474209755,"fee":216402.25,"nC":41},"scattered":{"n":9219,"wins":1,"top10":1,"cash":1104,"pay":7307.363007518797,"fee":33125.5,"nC":41}},"small":{"5-2":{"n":12840,"wins":3,"top10":18,"cash":3106,"pay":34684.081262732354,"fee":37956.75,"nC":5},"4-3":{"n":3914,"wins":2,"top10":11,"cash":915,"pay":33022.50346002037,"fee":13358.25,"nC":5},"5-3":{"n":4376,"wins":0,"top10":11,"cash":1165,"pay":11026.81744811561,"fee":14905,"nC":5},"3-3":{"n":2180,"wins":0,"top10":0,"cash":497,"pay":3721.1461277692897,"fee":9067.75,"nC":5},"3-2":{"n":4509,"wins":0,"top10":1,"cash":989,"pay":8301.951433982682,"fee":16453.25,"nC":5},"5-1":{"n":4068,"wins":0,"top10":8,"cash":975,"pay":16651.86639451235,"fee":17573.75,"nC":5},"4-2":{"n":4686,"wins":0,"top10":2,"cash":952,"pay":6899.19696969697,"fee":17552.75,"nC":5},"4-4":{"n":950,"wins":0,"top10":2,"cash":240,"pay":4124.450757575758,"fee":3936.75,"nC":5},"4-1":{"n":850,"wins":0,"top10":0,"cash":167,"pay":1263.4415584415585,"fee":3385.5,"nC":5},"2-x":{"n":2689,"wins":0,"top10":2,"cash":556,"pay":3839.9374442959,"fee":9640.75,"nC":5},"3-1":{"n":369,"wins":0,"top10":0,"cash":72,"pay":439.10714285714283,"fee":1245.5,"nC":5},"scattered":{"n":14,"wins":0,"top10":0,"cash":2,"pay":23.5,"fee":35,"nC":4}}},"global":{"5-1":{"n":103707,"wins":7,"top10":76,"cash":24070,"pay":389107.4641599363,"fee":368070,"nC":66},"4-2":{"n":65824,"wins":8,"top10":48,"cash":14856,"pay":293697.93900309736,"fee":238319.25,"nC":66},"5-2":{"n":272401,"wins":21,"top10":264,"cash":64989,"pay":825681.053334196,"fee":850989.25,"nC":66},"4-3":{"n":62335,"wins":5,"top10":48,"cash":14704,"pay":161844.01789705036,"fee":232809.25,"nC":66},"3-2":{"n":55055,"wins":5,"top10":35,"cash":11949,"pay":126545.17271487272,"fee":209509.5,"nC":66},"5-3":{"n":139343,"wins":7,"top10":135,"cash":35742,"pay":432643.07036294433,"fee":480323.5,"nC":66},"2-x":{"n":83160,"wins":2,"top10":28,"cash":15233,"pay":156529.42477649465,"fee":301480.25,"nC":66},"3-3":{"n":25333,"wins":0,"top10":9,"cash":5673,"pay":50823.92523926669,"fee":103025,"nC":66},"4-4":{"n":22669,"wins":4,"top10":24,"cash":5529,"pay":99503.72916314017,"fee":97026,"nC":66},"3-1":{"n":16174,"wins":2,"top10":5,"cash":3071,"pay":23528.012347460208,"fee":56489,"nC":66},"4-1":{"n":24802,"wins":1,"top10":16,"cash":5273,"pay":58181.45669095472,"fee":85152.75,"nC":66},"scattered":{"n":10671,"wins":1,"top10":1,"cash":1372,"pay":8985.911525039013,"fee":37732,"nC":65}},"winKeys":{"2026-07-01|e2553650e1994360":1,"2026-07-01|908f37915ffe7d5c":1,"2026-07-01|b06bfa39aae69ad0":1,"2026-07-01|ae59448656e4e730":1,"2026-07-01|3dd1300f2dc711c0":1,"2026-06-30|ba13a047375e3076":1,"2026-06-30|cebc0ac9c36e4a39":1,"2026-06-30|87775c99928a5258":1,"2026-06-30|485dbd13aaf496f6":1,"2026-06-30|54ea2386a7a31cbc":1,"2026-06-29|85c7a68bb5f225f4":1,"2026-06-29|91068debba38bd87":1,"2026-06-29|bbf7cbd92f4dfa64":1,"2026-06-28|af39403287d801b2":1,"2026-06-28|b1aea23f8c06911f":1,"2026-06-28|e4bca07843616594":1,"2026-06-28|58842cb4808a795f":1,"2026-06-28|800345dcb0aa1dee":1,"2026-06-27|c328e6e90dd6b56b":1,"2026-06-27|497b9eee9c645de5":1,"2026-06-27|91c0918f22c9d9a1":1,"2026-06-27|fe1a4dc6e663ef02":1,"2026-06-27|ebcfadb34ce6d605":1,"2026-06-26|e6c7e17bfc75ed60":1,"2026-06-26|911b0e6e1f7d4a80":1,"2026-06-26|3efe5bee419d83e8":1,"2026-06-26|cb1c97d85bd2efde":1,"2026-06-26|82b08d8ddb99e31b":1,"2026-06-25|8ac5250f35bdd183":1,"2026-06-25|026beab33acbb46d":1,"2026-06-25|60a00cc1d8e3981b":1,"2026-06-25|b36694e42093e2ce":1,"2026-06-25|652af9d99d84f4b7":1,"2026-06-24|9ca92d76a52f2e13":1,"2026-06-24|d9d62e30a4147842":1,"2026-06-24|89ca1e67a396c7ae":1,"2026-06-24|0e4fb1e17cb27ac4":1,"2026-06-24|4be39fc0c7e01658":1,"2026-06-23|b1d6dec01d2a1a14":1,"2026-06-23|68eca8be72654e99":1,"2026-06-23|23910d80f40371f2":1,"2026-06-23|6fddf0a7cbf4c980":1,"2026-06-22|7c8cad81106bc325":1,"2026-06-21|a539c0b65ccb6235":1,"2026-06-21|e992349d894d1211":1,"2026-06-21|8b197cf97fa46893":1,"2026-06-21|398798a07cbd604f":1,"2026-06-21|57d02e11e766f720":1,"2026-06-19|07dc1f0c7c9039c5":1,"2026-06-19|94ed85d0e1bc3de8":1,"2026-06-19|3538618f48067e3f":1,"2026-06-19|e4623109b0f73f06":1,"2026-06-19|5a0956b63263a5f9":1,"2026-06-18|b0728638f4f3936c":1,"2026-06-18|6b30ecb2851423c0":1,"2026-06-18|4934030c35e67811":1,"2026-06-18|fe15a7df8fd90679":1,"2026-06-18|39bfeb9938ec2eff":1,"2026-06-17|a87d8b5fd01f7d82":1,"2026-06-17|b325c7b6a48d35e9":1,"2026-06-17|24001fafeafbbaf1":1,"2026-06-17|41def44427e1e0f3":1,"2026-06-17|85d9c560a655352b":1}},"shapeRoi":{"small":{"fieldAvgRoiPct":-14.5,"shapes":{"5-2":{"winLift":1.255,"top10Lift":1.017,"cashLift":1.036,"winPct":0.023,"top10Pct":0.14,"cashPct":24.2,"roiPct":-8.6,"nEntries":12840,"wins":3,"top10":18,"cash":3106,"nContests":5},"4-3":{"winLift":1.647,"top10Lift":1.241,"cashLift":1.004,"winPct":0.051,"top10Pct":0.28,"cashPct":23.4,"roiPct":147.2,"nEntries":3914,"wins":2,"top10":11,"cash":915,"nContests":5},"5-3":{"winLift":1,"top10Lift":1.193,"cashLift":1.108,"winPct":0,"top10Pct":0.25,"cashPct":26.6,"roiPct":-26,"nEntries":4376,"wins":0,"top10":11,"cash":1165,"nContests":5},"3-3":{"winLift":1,"top10Lift":1,"cashLift":0.989,"winPct":0,"top10Pct":0,"cashPct":22.8,"roiPct":-59,"nEntries":2180,"wins":0,"top10":0,"cash":497,"nContests":5},"3-2":{"winLift":1,"top10Lift":0.98,"cashLift":0.96,"winPct":0,"top10Pct":0.02,"cashPct":21.9,"roiPct":-49.5,"nEntries":4509,"wins":0,"top10":1,"cash":989,"nContests":5},"5-1":{"winLift":1,"top10Lift":1.08,"cashLift":1.022,"winPct":0,"top10Pct":0.2,"cashPct":24,"roiPct":-5.2,"nEntries":4068,"wins":0,"top10":8,"cash":975,"nContests":5},"4-2":{"winLift":1,"top10Lift":0.968,"cashLift":0.911,"winPct":0,"top10Pct":0.04,"cashPct":20.3,"roiPct":-60.7,"nEntries":4686,"wins":0,"top10":2,