{"schemaVersion":2,"sport":"mlb","generatedAt":"2026-07-02T14:15:26.371Z","raw":{"buckets":{"main":{"5-1":{"n":21062,"wins":1,"top10":18,"cash":4671,"pay":45670.4269971085,"fee":74627.5,"nC":15},"4-2":{"n":14879,"wins":4,"top10":13,"cash":3124,"pay":128807.98682933312,"fee":54141.5,"nC":15},"5-2":{"n":54155,"wins":3,"top10":56,"cash":12750,"pay":114961.71265361477,"fee":165763.75,"nC":15},"4-3":{"n":12736,"wins":0,"top10":10,"cash":2879,"pay":35235.96102556942,"fee":48805,"nC":15},"3-2":{"n":13212,"wins":2,"top10":11,"cash":3223,"pay":27513.40183632084,"fee":47814.5,"nC":15},"5-3":{"n":26826,"wins":2,"top10":23,"cash":6349,"pay":63098.18460890317,"fee":86143.25,"nC":15},"2-x":{"n":15715,"wins":1,"top10":12,"cash":3615,"pay":58681.548417606784,"fee":57421.75,"nC":15},"3-3":{"n":5577,"wins":0,"top10":2,"cash":1225,"pay":10795.740793108613,"fee":21370.75,"nC":15},"4-4":{"n":4323,"wins":0,"top10":4,"cash":996,"pay":9924.771528123285,"fee":17008.5,"nC":15},"3-1":{"n":3010,"wins":1,"top10":2,"cash":663,"pay":5279.060850069471,"fee":11116,"nC":15},"4-1":{"n":5065,"wins":1,"top10":3,"cash":1087,"pay":13210.155942721918,"fee":18031.75,"nC":15},"scattered":{"n":1063,"wins":0,"top10":0,"cash":219,"pay":1318.5485175202157,"fee":3271,"nC":15}},"large":{"5-2":{"n":188519,"wins":14,"top10":180,"cash":45191,"pay":583792.4806008338,"fee":597885.25,"nC":41},"4-1":{"n":17013,"wins":0,"top10":11,"cash":3496,"pay":40123.789745346796,"fee":57839.5,"nC":41},"5-3":{"n":100880,"wins":4,"top10":89,"cash":26285,"pay":333088.44512216497,"fee":350569.75,"nC":41},"5-1":{"n":70580,"wins":6,"top10":44,"cash":16487,"pay":312504.0105410425,"fee":248799,"nC":41},"4-2":{"n":41609,"wins":3,"top10":28,"cash":9487,"pay":146999.91543134023,"fee":150864.25,"nC":41},"4-4":{"n":16075,"wins":4,"top10":16,"cash":3950,"pay":80771.57354410773,"fee":69823.25,"nC":41},"3-2":{"n":33431,"wins":1,"top10":19,"cash":6984,"pay":82019.16666679135,"fee":130411.25,"nC":41},"4-3":{"n":41507,"wins":3,"top10":21,"cash":9861,"pay":84587.95997711708,"fee":156029,"nC":41},"3-3":{"n":15885,"wins":0,"top10":7,"cash":3541,"pay":34047.25626710676,"fee":65901.75,"nC":41},"3-1":{"n":11743,"wins":1,"top10":3,"cash":2126,"pay":16515.5943545336,"fee":40631.25,"nC":41},"2-x":{"n":59539,"wins":1,"top10":12,"cash":10207,"pay":87838.19474209755,"fee":216402.25,"nC":41},"scattered":{"n":9219,"wins":1,"top10":1,"cash":1104,"pay":7307.363007518797,"fee":33125.5,"nC":41}}},"global":{"5-1":{"n":91642,"wins":7,"top10":62,"cash":21158,"pay":358174.43753815105,"fee":323426.5,"nC":56},"4-2":{"n":56488,"wins":7,"top10":41,"cash":12611,"pay":275807.902260673,"fee":205005.75,"nC":56},"5-2":{"n":242674,"wins":17,"top10":236,"cash":57941,"pay":698754.1932544471,"fee":763649,"nC":56},"4-3":{"n":54243,"wins":3,"top10":31,"cash":12740,"pay":119823.9210026865,"fee":204834,"nC":56},"3-2":{"n":46643,"wins":3,"top10":30,"cash":10207,"pay":109532.56850311221,"fee":178225.75,"nC":56},"5-3":{"n":127706,"wins":6,"top10":112,"cash":32634,"pay":396186.6297310682,"fee":436713,"nC":56},"2-x":{"n":75254,"wins":2,"top10":24,"cash":13822,"pay":146519.74315970455,"fee":273824,"nC":56},"3-3":{"n":21462,"wins":0,"top10":9,"cash":4766,"pay":44842.99706021534,"fee":87272.5,"nC":56},"4-4":{"n":20398,"wins":4,"top10":20,"cash":4946,"pay":90696.34507223105,"fee":86831.75,"nC":56},"3-1":{"n":14753,"wins":2,"top10":5,"cash":2789,"pay":21794.655204603067,"fee":51747.25,"nC":56},"4-1":{"n":22078,"wins":1,"top10":14,"cash":4583,"pay":53333.94568806871,"fee":75871.25,"nC":56},"scattered":{"n":10282,"wins":1,"top10":1,"cash":1323,"pay":8625.911525039013,"fee":36396.5,"nC":56}},"winKeys":{"2026-07-01|e2553650e1994360":1,"2026-07-01|908f37915ffe7d5c":1,"2026-07-01|b06bfa39aae69ad0":1,"2026-07-01|ae59448656e4e730":1,"2026-07-01|3dd1300f2dc711c0":1,"2026-06-30|ba13a047375e3076":1,"2026-06-30|cebc0ac9c36e4a39":1,"2026-06-30|87775c99928a5258":1,"2026-06-30|485dbd13aaf496f6":1,"2026-06-30|54ea2386a7a31cbc":1,"2026-06-29|85c7a68bb5f225f4":1,"2026-06-29|91068debba38bd87":1,"2026-06-29|bbf7cbd92f4dfa64":1,"2026-06-28|af39403287d801b2":1,"2026-06-28|b1aea23f8c06911f":1,"2026-06-28|e4bca07843616594":1,"2026-06-28|58842cb4808a795f":1,"2026-06-28|800345dcb0aa1dee":1,"2026-06-27|c328e6e90dd6b56b":1,"2026-06-27|497b9eee9c645de5":1,"2026-06-27|91c0918f22c9d9a1":1,"2026-06-27|fe1a4dc6e663ef02":1,"2026-06-27|ebcfadb34ce6d605":1,"2026-06-26|e6c7e17bfc75ed60":1,"2026-06-26|911b0e6e1f7d4a80":1,"2026-06-26|3efe5bee419d83e8":1,"2026-06-26|cb1c97d85bd2efde":1,"2026-06-26|82b08d8ddb99e31b":1,"2026-06-25|8ac5250f35bdd183":1,"2026-06-25|026beab33acbb46d":1,"2026-06-25|60a00cc1d8e3981b":1,"2026-06-25|b36694e42093e2ce":1,"2026-06-25|652af9d99d84f4b7":1,"2026-06-24|9ca92d76a52f2e13":1,"2026-06-24|d9d62e30a4147842":1,"2026-06-24|89ca1e67a396c7ae":1,"2026-06-24|0e4fb1e17cb27ac4":1,"2026-06-24|4be39fc0c7e01658":1,"2026-06-23|b1d6dec01d2a1a14":1,"2026-06-23|68eca8be72654e99":1,"2026-06-23|23910d80f40371f2":1,"2026-06-23|6fddf0a7cbf4c980":1,"2026-06-22|7c8cad81106bc325":1,"2026-06-21|a539c0b65ccb6235":1,"2026-06-21|e992349d894d1211":1,"2026-06-21|8b197cf97fa46893":1,"2026-06-21|398798a07cbd604f":1,"2026-06-21|57d02e11e766f720":1,"2026-06-19|07dc1f0c7c9039c5":1,"2026-06-19|94ed85d0e1bc3de8":1,"2026-06-19|3538618f48067e3f":1,"2026-06-19|e4623109b0f73f06":1,"2026-06-19|5a0956b63263a5f9":1}},"shapeRoi":{"small":{"fieldAvgRoiPct":0,"shapes":{}},"main":{"fieldAvgRoiPct":-15,"shapes":{"5-1":{"winLift":0.951,"top10Lift":0.996,"cashLift":0.968,"winPct":0.005,"top10Pct":0.09,"cashPct":22.2,"roiPct":-38.8,"nEntries":21062,"wins":1,"top10":18,"cash":4671,"nContests":15},"4-2":{"winLift":1.728,"top10Lift":1.002,"cashLift":0.924,"winPct":0.027,"top10Pct":0.09,"cashPct":21,"roiPct":137.9,"nEntries":14879,"wins":4,"top10":13,"cash":3124,"nContests":15},"5-2":{"winLift":0.906,"top10Lift":1.112,"cashLift":1.024,"winPct":0.006,"top10Pct":0.1,"cashPct":23.5,"roiPct":-30.6,"nEntries":54155,"wins":3,"top10":56,"cash":12750,"nContests":15},"4-3":{"winLift":1,"top10Lift":0.981,"cashLift":0.986,"winPct":0,"top10Pct":0.08,"cashPct":22.6,"roiPct":-27.8,"nEntries":12736,"wins":0,"top10":10,"cash":2879,"nContests":15},"3-2":{"winLift":1.159,"top10Lift":0.991,"cashLift":1.055,"winPct":0.015,"top10Pct":0.08,"cashPct":24.4,"roiPct":-42.5,"nEntries":13212,"wins":2,"top10":11,"cash":3223,"nContests":15},"5-3":{"winLift":0.977,"top10Lift":0.996,"cashLift":1.029,"winPct":0.007,"top10Pct":0.09,"cashPct":23.7,"roiPct":-26.8,"nEntries":26826,"wins":2,"top10":23,"cash":6349,"nContests":15},"2-x":{"winLift":0.973,"top10Lift":0.972,"cashLift":1.001,"winPct":0.006,"top10Pct":0.08,"cashPct":23,"roiPct":2.2,"nEntries":15715,"wins":1,"top10":12,"cash":3615,"nContests":15},"3-3":{"winLift":1,"top10Lift":0.972,"cashLift":0.967,"winPct":0,"top10Pct":0.04,"cashPct":22,"roiPct":-49.5,"nEntries":5577,"wins":0,"top10":2,"cash":1225,"nContests":15},"4-4":{"winLift":1,"top10Lift":1.006,"cashLift":1.002,"winPct":0,"top10Pct":0.09,"cashPct":23,"roiPct":-41.6,"nEntries":4323,"wins":0,"top10":4,"cash":996,"nContests":15},"3-1":{"winLift":1.326,"top10Lift":0.989,"cashLift":0.974,"winPct":0.033,"top10Pct":0.07,"cashPct":22,"roiPct":-52.5,"nEntries":3010,"wins":1,"top10":2,"cash":663,"nContests":15},"4-1":{"winLift":1.149,"top10Lift":0.978,"cashLift":0.952,"winPct":0.02,"top10Pct":0.06,"cashPct":21.5,"roiPct":-26.7,"nEntries":5065,"wins":1,"top10":3,"cash":1087,"nContests":15},"scattered":{"winLift":1,"top10Lift":1,"cashLift":0.964,"winPct":0,"top10Pct":0,"cashPct":20.6,"roiPct":-59.7,"nEntries":1063,"wins":0,"top10":0,"cash":219,"nContests":15}}},"large":{"fieldAvgRoiPct":-14.6,"shapes":{"5-2":{"winLift":1.117,"top10Lift":1.28,"cashLift":1.047,"winPct":0.007,"top10Pct":0.1,"cashPct":24,"roiPct":-2.4,"nEntries":188519,"wins":14,"top10":180,"cash":45191,"nContests":41},"4-1":{"winLift":1,"top10Lift":0.98,"cashLift":0.908,"winPct":0,"top10Pct":0.06,"cashPct":20.5,"roiPct":-30.6,"nEntries":17013,"wins":0,"top10":11,"cash":3496,"nContests":41},"5-3":{"winLift":0.877,