{"schemaVersion":2,"sport":"mlb","generatedAt":"2026-07-02T14:09:54.267Z","raw":{"buckets":{"main":{"5-1":{"n":9249,"wins":1,"top10":9,"cash":1911,"pay":23814.623018504488,"fee":32944.5,"nC":5},"4-2":{"n":6510,"wins":3,"top10":8,"cash":1323,"pay":65529.372521157005,"fee":25847.75,"nC":5},"5-2":{"n":16812,"wins":1,"top10":18,"cash":4282,"pay":33159.868318176086,"fee":50402.75,"nC":5},"4-3":{"n":4945,"wins":0,"top10":2,"cash":1156,"pay":9075.629618226601,"fee":19330.75,"nC":5},"3-2":{"n":5765,"wins":0,"top10":3,"cash":1267,"pay":9117.345394404449,"fee":21879,"nC":5},"5-3":{"n":6596,"wins":0,"top10":6,"cash":1603,"pay":25864.427422003286,"fee":19593.75,"nC":5},"2-x":{"n":6446,"wins":0,"top10":5,"cash":1458,"pay":11169.26409309082,"fee":24724.5,"nC":5},"3-3":{"n":2500,"wins":0,"top10":0,"cash":557,"pay":4056.5712438423643,"fee":9070,"nC":5},"4-4":{"n":1028,"wins":0,"top10":0,"cash":271,"pay":2472.5775862068967,"fee":4281.25,"nC":5},"3-1":{"n":1431,"wins":0,"top10":0,"cash":285,"pay":2822.167992926614,"fee":5904.25,"nC":5},"4-1":{"n":2582,"wins":0,"top10":1,"cash":512,"pay":3909.402791461412,"fee":9873.25,"nC":5},"scattered":{"n":519,"wins":0,"top10":0,"cash":97,"pay":506.75,"fee":1635.25,"nC":5}},"large":{"5-2":{"n":47502,"wins":3,"top10":35,"cash":11702,"pay":230353.07971797156,"fee":138157.5,"nC":8},"4-1":{"n":4169,"wins":0,"top10":3,"cash":814,"pay":6180.1002587991725,"fee":14774,"nC":8},"5-3":{"n":23722,"wins":1,"top10":14,"cash":6524,"pay":52751.34038056915,"fee":71820.5,"nC":8},"5-1":{"n":17115,"wins":1,"top10":8,"cash":3979,"pay":33167.14504236139,"fee":54556,"nC":8},"4-2":{"n":11111,"wins":1,"top10":6,"cash":2515,"pay":19739.317580408588,"fee":36986.5,"nC":8},"4-4":{"n":3879,"wins":1,"top10":6,"cash":1075,"pay":11315.979324625028,"fee":14830,"nC":8},"3-2":{"n":9353,"wins":1,"top10":7,"cash":2012,"pay":20754.843360142273,"fee":36047.75,"nC":8},"4-3":{"n":10806,"wins":0,"top10":0,"cash":2514,"pay":19843.49786059352,"fee":37904.5,"nC":8},"3-3":{"n":4539,"wins":0,"top10":0,"cash":1013,"pay":9149.054388422033,"fee":18297.5,"nC":8},"3-1":{"n":3103,"wins":0,"top10":0,"cash":500,"pay":3658.851052851205,"fee":11610.75,"nC":8},"2-x":{"n":16254,"wins":0,"top10":3,"cash":2112,"pay":31347.219604684724,"fee":61558.5,"nC":8},"scattered":{"n":3013,"wins":0,"top10":0,"cash":252,"pay":1723.5714285714284,"fee":11147.75,"nC":8}}},"global":{"5-1":{"n":26364,"wins":2,"top10":17,"cash":5890,"pay":56981.768060865914,"fee":87500.5,"nC":13},"4-2":{"n":17621,"wins":4,"top10":14,"cash":3838,"pay":85268.69010156556,"fee":62834.25,"nC":13},"5-2":{"n":64314,"wins":4,"top10":53,"cash":15984,"pay":263512.94803614775,"fee":188560.25,"nC":13},"4-3":{"n":15751,"wins":0,"top10":2,"cash":3670,"pay":28919.127478820108,"fee":57235.25,"nC":13},"3-2":{"n":15118,"wins":1,"top10":10,"cash":3279,"pay":29872.188754546725,"fee":57926.75,"nC":13},"5-3":{"n":30318,"wins":1,"top10":20,"cash":8127,"pay":78615.76780257245,"fee":91414.25,"nC":13},"2-x":{"n":22700,"wins":0,"top10":8,"cash":3570,"pay":42516.48369777555,"fee":86283,"nC":13},"3-3":{"n":7039,"wins":0,"top10":0,"cash":1570,"pay":13205.625632264399,"fee":27367.5,"nC":13},"4-4":{"n":4907,"wins":1,"top10":6,"cash":1346,"pay":13788.55691083193,"fee":19111.25,"nC":13},"3-1":{"n":4534,"wins":0,"top10":0,"cash":785,"pay":6481.0190457778135,"fee":17515,"nC":13},"4-1":{"n":6751,"wins":0,"top10":4,"cash":1326,"pay":10089.503050260582,"fee":24647.25,"nC":13},"scattered":{"n":3532,"wins":0,"top10":0,"cash":349,"pay":2230.3214285714284,"fee":12783,"nC":13}},"winKeys":{"2026-07-01|e2553650e1994360":1,"2026-07-01|908f37915ffe7d5c":1,"2026-07-01|b06bfa39aae69ad0":1,"2026-07-01|ae59448656e4e730":1,"2026-07-01|3dd1300f2dc711c0":1,"2026-06-30|ba13a047375e3076":1,"2026-06-30|cebc0ac9c36e4a39":1,"2026-06-30|87775c99928a5258":1,"2026-06-30|485dbd13aaf496f6":1,"2026-06-30|54ea2386a7a31cbc":1,"2026-06-29|85c7a68bb5f225f4":1,"2026-06-29|91068debba38bd87":1,"2026-06-29|bbf7cbd92f4dfa64":1}},"shapeRoi":{"small":{"fieldAvgRoiPct":0,"shapes":{}},"main":{"fieldAvgRoiPct":-15.1,"shapes":{"5-1":{"winLift":1.044,"top10Lift":1.038,"cashLift":0.92,"winPct":0.011,"top10Pct":0.1,"cashPct":20.7,"roiPct":-27.7,"nEntries":9249,"wins":1,"top10":9,"cash":1911,"nContests":5},"4-2":{"winLift":2.346,"top10Lift":1.087,"cashLift":0.915,"winPct":0.046,"top10Pct":0.12,"cashPct":20.3,"roiPct":153.5,"nEntries":6510,"wins":3,"top10":8,"cash":1323,"nContests":5},"5-2":{"winLift":0.974,"top10Lift":1.101,"cashLift":1.104,"winPct":0.006,"top10Pct":0.11,"cashPct":25.5,"roiPct":-34.2,"nEntries":16812,"wins":1,"top10":18,"cash":4282,"nContests":5},"4-3":{"winLift":1,"top10Lift":0.976,"cashLift":1.017,"winPct":0,"top10Pct":0.04,"cashPct":23.4,"roiPct":-53.1,"nEntries":4945,"wins":0,"top10":2,"cash":1156,"nContests":5},"3-2":{"winLift":1,"top10Lift":0.975,"cashLift":0.97,"winPct":0,"top10Pct":0.05,"cashPct":22,"roiPct":-58.3,"nEntries":5765,"wins":0,"top10":3,"cash":1267,"nContests":5},"5-3":{"winLift":1,"top10Lift":1.016,"cashLift":1.05,"winPct":0,"top10Pct":0.09,"cashPct":24.3,"roiPct":32,"nEntries":6596,"wins":0,"top10":6,"cash":1603,"nContests":5},"2-x":{"winLift":1,"top10Lift":0.996,"cashLift":0.992,"winPct":0,"top10Pct":0.08,"cashPct":22.6,"roiPct":-54.8,"nEntries":6446,"wins":0,"top10":5,"cash":1458,"nContests":5},"3-3":{"winLift":1,"top10Lift":1,"cashLift":0.985,"winPct":0,"top10Pct":0,"cashPct":22.3,"roiPct":-55.3,"nEntries":2500,"wins":0,"top10":0,"cash":557,"nContests":5},"4-4":{"winLift":1,"top10Lift":1,"cashLift":1.062,"winPct":0,"top10Pct":0,"cashPct":26.4,"roiPct":-42.2,"nEntries":1028,"wins":0,"top10":0,"cash":271,"nContests":5},"3-1":{"winLift":1,"top10Lift":1,"cashLift":0.946,"winPct":0,"top10Pct":0,"cashPct":19.9,"roiPct":-52.2,"nEntries":1431,"wins":0,"top10":0,"cash":285,"nContests":5},"4-1":{"winLift":1,"top10Lift":0.987,"cashLift":0.925,"winPct":0,"top10Pct":0.04,"cashPct":19.8,"roiPct":-60.4,"nEntries":2582,"wins":0,"top10":1,"cash":512,"nContests":5},"scattered":{"winLift":1,"top10Lift":1,"cashLift":0.964,"winPct":0,"top10Pct":0,"cashPct":18.7,"roiPct":-69,"nEntries":519,"wins":0,"top10":0,"cash":97,"nContests":5}}},"large":{"fieldAvgRoiPct":-13.3,"shapes":{"5-2":{"winLift":1.06,"top10Lift":1.181,"cashLift":1.085,"winPct":0.006,"top10Pct":0.07,"cashPct":24.6,"roiPct":66.7,"nEntries":47502,"wins":3,"top10":35,"cash":11702,"nContests":8},"4-1":{"winLift":1,"top10Lift":1.025,"cashLift":0.907,"winPct":0,"top10Pct":0.07,"cashPct":19.5,"roiPct":-58.2,"nEntries":4169,"wins":0,"top10":3,"cash":814,"nContests":8},"5-3":{"winLift":0.979,"top10Lift":1.029,"cashLift":1.202,"winPct":0.004,"top10Pct":0.06,"cashPct":27.5,"roiPct":-26.6,"nEntries":23722,"wins":1,"top10":14,"cash":6524,"nContests":8},"5-1":{"winLift":1.014,"top10Lift":0.98,"cashLift":1.024,"winPct":0.006,"top10Pct":0.05,"cashPct":23.2,"roiPct":-39.2,"nEntries":17115,"wins":1,"top10":8,"cash":3979,"nContests":8},"4-2":{"winLift":1.082,"top10Lift":1.002,"cashLift":0.999,"winPct":0.009,"top10Pct":0.05,"cashPct":22.6,"roiPct":-46.6,"nEntries":11111,"wins":1,"top10":6,"cash":2515,"nContests":8},"4-4":{"winLift":1.442,"top10Lift":1.25,"cashLift":1.163,"winPct":0.026,"top10Pct":0.15,"cashPct":27.7,"roiPct":-23.7,"nEntries":3879,"wins":1,"top10":6,"cash":1075,"nContests":8},"3-2":{"winLift":1.118,"top10Lift":1.061,"cashLift":0.958,"winPct":0.011,"top10Pct":0.07,"cashPct":21.5,"roiPct":-42.4,"nEntries":9353,"wins":1,"top10":7,"cash":2012,"nContests":8},"4-3":{"winLift":1,"top10Lift":1,"cashLift":1.023,"winPct":0,"top10Pct":0,"cashPct":23.3,"roiPct":-47.6,"nEntries":10806,"wins":0,"top10":0,"cash":2514,"nContests":8},"3-3":{"winLift":1,"top10Lift":1,"cashLift":0.989,"winPct":0,"top10Pct":0,"cashPct":22.3,"roiPct":-50,"nEntries":4539,"wins":0,"top10":0,"cash":1013,"nContests":8},"3-1":{"winLift":1,"top10Lift":1,"cashLift":0.84,"winPct":0,"top10Pct":0,"cashPct":16.1,"roiPct":-68.5,"nEntries":3103,"wins":0,"top10":0,"cash":500,"nContests":8},"2-x":{"winLift":1,"top10Lift":0.955,"cashLift":0.642,"winPct":0,"top10Pct":0.02,