{"schemaVersion":2,"sport":"mlb","generatedAt":"2026-07-02T14:11:08.952Z","raw":{"buckets":{"main":{"5-1":{"n":9249,"wins":1,"top10":9,"cash":1911,"pay":23814.623018504488,"fee":32944.5,"nC":5},"4-2":{"n":6510,"wins":3,"top10":8,"cash":1323,"pay":65529.372521157005,"fee":25847.75,"nC":5},"5-2":{"n":16812,"wins":1,"top10":18,"cash":4282,"pay":33159.868318176086,"fee":50402.75,"nC":5},"4-3":{"n":4945,"wins":0,"top10":2,"cash":1156,"pay":9075.629618226601,"fee":19330.75,"nC":5},"3-2":{"n":5765,"wins":0,"top10":3,"cash":1267,"pay":9117.345394404449,"fee":21879,"nC":5},"5-3":{"n":6596,"wins":0,"top10":6,"cash":1603,"pay":25864.427422003286,"fee":19593.75,"nC":5},"2-x":{"n":6446,"wins":0,"top10":5,"cash":1458,"pay":11169.26409309082,"fee":24724.5,"nC":5},"3-3":{"n":2500,"wins":0,"top10":0,"cash":557,"pay":4056.5712438423643,"fee":9070,"nC":5},"4-4":{"n":1028,"wins":0,"top10":0,"cash":271,"pay":2472.5775862068967,"fee":4281.25,"nC":5},"3-1":{"n":1431,"wins":0,"top10":0,"cash":285,"pay":2822.167992926614,"fee":5904.25,"nC":5},"4-1":{"n":2582,"wins":0,"top10":1,"cash":512,"pay":3909.402791461412,"fee":9873.25,"nC":5},"scattered":{"n":519,"wins":0,"top10":0,"cash":97,"pay":506.75,"fee":1635.25,"nC":5}},"large":{"5-2":{"n":84774,"wins":5,"top10":75,"cash":20769,"pay":286193.84093351034,"fee":219224.5,"nC":19},"4-1":{"n":7064,"wins":0,"top10":3,"cash":1303,"pay":8804.433592132506,"fee":21591,"nC":19},"5-3":{"n":45367,"wins":1,"top10":36,"cash":12197,"pay":83020.92793278303,"fee":120647.5,"nC":19},"5-1":{"n":30333,"wins":2,"top10":20,"cash":7071,"pay":120206.07962882755,"fee":90071.25,"nC":19},"4-2":{"n":18302,"wins":2,"top10":14,"cash":4005,"pay":29093.74740496999,"fee":54110.75,"nC":19},"4-4":{"n":7294,"wins":2,"top10":8,"cash":1934,"pay":17884.34304642953,"fee":24381.5,"nC":19},"3-2":{"n":15013,"wins":1,"top10":12,"cash":3126,"pay":29948.171430317714,"fee":50707.25,"nC":19},"4-3":{"n":18554,"wins":1,"top10":10,"cash":4383,"pay":32881.55268515492,"fee":58647.75,"nC":19},"3-3":{"n":7149,"wins":0,"top10":4,"cash":1612,"pay":14502.596055088701,"fee":25324.75,"nC":19},"3-1":{"n":5118,"wins":1,"top10":1,"cash":901,"pay":7199.2326317985735,"fee":16965.25,"nC":19},"2-x":{"n":26697,"wins":1,"top10":9,"cash":4210,"pay":45984.37165146835,"fee":92191,"nC":19},"scattered":{"n":4510,"wins":1,"top10":1,"cash":540,"pay":3974.2030075187968,"fee":16337.75,"nC":19}}},"global":{"5-1":{"n":39582,"wins":3,"top10":29,"cash":8982,"pay":144020.70264733207,"fee":123015.75,"nC":24},"4-2":{"n":24812,"wins":5,"top10":22,"cash":5328,"pay":94623.11992612696,"fee":79958.5,"nC":24},"5-2":{"n":101586,"wins":6,"top10":93,"cash":25051,"pay":319353.7092516866,"fee":269627.25,"nC":24},"4-3":{"n":23499,"wins":1,"top10":12,"cash":5539,"pay":41957.1823033815,"fee":77978.5,"nC":24},"3-2":{"n":20778,"wins":1,"top10":15,"cash":4393,"pay":39065.51682472216,"fee":72586.25,"nC":24},"5-3":{"n":51963,"wins":1,"top10":42,"cash":13800,"pay":108885.35535478631,"fee":140241.25,"nC":24},"2-x":{"n":33143,"wins":1,"top10":14,"cash":5668,"pay":57153.63574455917,"fee":116915.5,"nC":24},"3-3":{"n":9649,"wins":0,"top10":4,"cash":2169,"pay":18559.16729893106,"fee":34394.75,"nC":24},"4-4":{"n":8322,"wins":2,"top10":8,"cash":2205,"pay":20356.920632636436,"fee":28662.75,"nC":24},"3-1":{"n":6549,"wins":1,"top10":1,"cash":1186,"pay":10021.400624725182,"fee":22869.5,"nC":24},"4-1":{"n":9646,"wins":0,"top10":4,"cash":1815,"pay":12713.836383593916,"fee":31464.25,"nC":24},"scattered":{"n":5029,"wins":1,"top10":1,"cash":637,"pay":4480.953007518797,"fee":17973,"nC":24}},"winKeys":{"2026-07-01|e2553650e1994360":1,"2026-07-01|908f37915ffe7d5c":1,"2026-07-01|b06bfa39aae69ad0":1,"2026-07-01|ae59448656e4e730":1,"2026-07-01|3dd1300f2dc711c0":1,"2026-06-30|ba13a047375e3076":1,"2026-06-30|cebc0ac9c36e4a39":1,"2026-06-30|87775c99928a5258":1,"2026-06-30|485dbd13aaf496f6":1,"2026-06-30|54ea2386a7a31cbc":1,"2026-06-29|85c7a68bb5f225f4":1,"2026-06-29|91068debba38bd87":1,"2026-06-29|bbf7cbd92f4dfa64":1,"2026-06-28|af39403287d801b2":1,"2026-06-28|b1aea23f8c06911f":1,"2026-06-28|e4bca07843616594":1,"2026-06-28|58842cb4808a795f":1,"2026-06-28|800345dcb0aa1dee":1,"2026-06-27|c328e6e90dd6b56b":1,"2026-06-27|497b9eee9c645de5":1,"2026-06-27|91c0918f22c9d9a1":1,"2026-06-27|fe1a4dc6e663ef02":1}},"shapeRoi":{"small":{"fieldAvgRoiPct":0,"shapes":{}},"main":{"fieldAvgRoiPct":-15.1,"shapes":{"5-1":{"winLift":1.044,"top10Lift":1.038,"cashLift":0.92,"winPct":0.011,"top10Pct":0.1,"cashPct":20.7,"roiPct":-27.7,"nEntries":9249,"wins":1,"top10":9,"cash":1911,"nContests":5},"4-2":{"winLift":2.346,"top10Lift":1.087,"cashLift":0.915,"winPct":0.046,"top10Pct":0.12,"cashPct":20.3,"roiPct":153.5,"nEntries":6510,"wins":3,"top10":8,"cash":1323,"nContests":5},"5-2":{"winLift":0.974,"top10Lift":1.101,"cashLift":1.104,"winPct":0.006,"top10Pct":0.11,"cashPct":25.5,"roiPct":-34.2,"nEntries":16812,"wins":1,"top10":18,"cash":4282,"nContests":5},"4-3":{"winLift":1,"top10Lift":0.976,"cashLift":1.017,"winPct":0,"top10Pct":0.04,"cashPct":23.4,"roiPct":-53.1,"nEntries":4945,"wins":0,"top10":2,"cash":1156,"nContests":5},"3-2":{"winLift":1,"top10Lift":0.975,"cashLift":0.97,"winPct":0,"top10Pct":0.05,"cashPct":22,"roiPct":-58.3,"nEntries":5765,"wins":0,"top10":3,"cash":1267,"nContests":5},"5-3":{"winLift":1,"top10Lift":1.016,"cashLift":1.05,"winPct":0,"top10Pct":0.09,"cashPct":24.3,"roiPct":32,"nEntries":6596,"wins":0,"top10":6,"cash":1603,"nContests":5},"2-x":{"winLift":1,"top10Lift":0.996,"cashLift":0.992,"winPct":0,"top10Pct":0.08,"cashPct":22.6,"roiPct":-54.8,"nEntries":6446,"wins":0,"top10":5,"cash":1458,"nContests":5},"3-3":{"winLift":1,"top10Lift":1,"cashLift":0.985,"winPct":0,"top10Pct":0,"cashPct":22.3,"roiPct":-55.3,"nEntries":2500,"wins":0,"top10":0,"cash":557,"nContests":5},"4-4":{"winLift":1,"top10Lift":1,"cashLift":1.062,"winPct":0,"top10Pct":0,"cashPct":26.4,"roiPct":-42.2,"nEntries":1028,"wins":0,"top10":0,"cash":271,"nContests":5},"3-1":{"winLift":1,"top10Lift":1,"cashLift":0.946,"winPct":0,"top10Pct":0,"cashPct":19.9,"roiPct":-52.2,"nEntries":1431,"wins":0,"top10":0,"cash":285,"nContests":5},"4-1":{"winLift":1,"top10Lift":0.987,"cashLift":0.925,"winPct":0,"top10Pct":0.04,"cashPct":19.8,"roiPct":-60.4,"nEntries":2582,"wins":0,"top10":1,"cash":512,"nContests":5},"scattered":{"winLift":1,"top10Lift":1,"cashLift":0.964,"winPct":0,"top10Pct":0,"cashPct":18.7,"roiPct":-69,"nEntries":519,"wins":0,"top10":0,"cash":97,"nContests":5}}},"large":{"fieldAvgRoiPct":-14,"shapes":{"5-2":{"winLift":0.976,"top10Lift":1.156,"cashLift":1.065,"winPct":0.006,"top10Pct":0.09,"cashPct":24.5,"roiPct":30.5,"nEntries":84774,"wins":5,"top10":75,"cash":20769,"nContests":19},"4-1":{"winLift":1,"top10Lift":0.972,"cashLift":0.849,"winPct":0,"top10Pct":0.04,"cashPct":18.4,"roiPct":-59.2,"nEntries":7064,"wins":0,"top10":3,"cash":1303,"nContests":19},"5-3":{"winLift":0.928,"top10Lift":1.053,"cashLift":1.165,"winPct":0.002,"top10Pct":0.08,"cashPct":26.9,"roiPct":-31.2,"nEntries":45367,"wins":1,"top10":36,"cash":12197,"nContests":19},"5-1":{"winLift":1.01,"top10Lift":0.974,"cashLift":1.014,"winPct":0.007,"top10Pct":0.07,"cashPct":23.3,"roiPct":33.5,"nEntries":30333,"wins":2,"top10":20,"cash":7071,"nContests":19},"4-2":{"winLift":1.147,"top10Lift":1.018,"cashLift":0.957,"winPct":0.011,"top10Pct":0.08,"cashPct":21.9,"roiPct":-46.2,"nEntries":18302,"wins":2,"top10":14,"cash":4005,"nContests":19},"4-4":{"winLift":1.672,"top10Lift":1.089,"cashLift":1.128,"winPct":0.027,"top10Pct":0.11,"cashPct":26.5,"roiPct":-26.6,"nEntries":7294,"wins":2,"top10":8,"cash":1934,"nContests":19},"3-2":{"winLift":1.007,"top10Lift":1.027,"cashLift":0.917,"winPct":0.007,"top10Pct":0.08,"cashPct":20.8,"roiPct":-40.9,"nEntries":15013,"wins":1,"top10":12,"cash":3126,"nContests":19},"4-3":{"winLift":0.984,"top10Lift":0.951,"cashLift":1.026,"winPct":0.005,"top10Pct":0.05,"cashPct":23.6,"roiPct":-43.9,"nEntries":18554,"wins":1,"top10":10,"cash":4383,"nContests":19},"3-3":{"winLift":1,"top10Lift":0.98,"cashLift":0.985,"winPct":0,