{"schemaVersion":2,"sport":"mlb","generatedAt":"2026-07-02T14:13:30.286Z","raw":{"buckets":{"main":{"5-1":{"n":21062,"wins":1,"top10":18,"cash":4671,"pay":45670.4269971085,"fee":74627.5,"nC":15},"4-2":{"n":14879,"wins":4,"top10":13,"cash":3124,"pay":128807.98682933312,"fee":54141.5,"nC":15},"5-2":{"n":54155,"wins":3,"top10":56,"cash":12750,"pay":114961.71265361477,"fee":165763.75,"nC":15},"4-3":{"n":12736,"wins":0,"top10":10,"cash":2879,"pay":35235.96102556942,"fee":48805,"nC":15},"3-2":{"n":13212,"wins":2,"top10":11,"cash":3223,"pay":27513.40183632084,"fee":47814.5,"nC":15},"5-3":{"n":26826,"wins":2,"top10":23,"cash":6349,"pay":63098.18460890317,"fee":86143.25,"nC":15},"2-x":{"n":15715,"wins":1,"top10":12,"cash":3615,"pay":58681.548417606784,"fee":57421.75,"nC":15},"3-3":{"n":5577,"wins":0,"top10":2,"cash":1225,"pay":10795.740793108613,"fee":21370.75,"nC":15},"4-4":{"n":4323,"wins":0,"top10":4,"cash":996,"pay":9924.771528123285,"fee":17008.5,"nC":15},"3-1":{"n":3010,"wins":1,"top10":2,"cash":663,"pay":5279.060850069471,"fee":11116,"nC":15},"4-1":{"n":5065,"wins":1,"top10":3,"cash":1087,"pay":13210.155942721918,"fee":18031.75,"nC":15},"scattered":{"n":1063,"wins":0,"top10":0,"cash":219,"pay":1318.5485175202157,"fee":3271,"nC":15}},"large":{"5-2":{"n":143462,"wins":10,"top10":151,"cash":34067,"pay":501126.1636092351,"fee":468202,"nC":31},"4-1":{"n":12716,"wins":0,"top10":6,"cash":2679,"pay":29953.68406158612,"fee":44637.25,"nC":31},"5-3":{"n":77565,"wins":3,"top10":56,"cash":19936,"pay":247173.31739427857,"fee":274553,"nC":31},"5-1":{"n":52755,"wins":3,"top10":30,"cash":12326,"pay":226733.33570803283,"fee":196016,"nC":31},"4-2":{"n":31646,"wins":2,"top10":24,"cash":7278,"pay":82417.11744310033,"fee":116519,"nC":31},"4-4":{"n":12581,"wins":4,"top10":15,"cash":3069,"pay":72727.96282693016,"fee":55795,"nC":31},"3-2":{"n":25239,"wins":1,"top10":14,"cash":5418,"pay":71864.66309247093,"fee":103329.5,"nC":31},"4-3":{"n":31663,"wins":2,"top10":15,"cash":7527,"pay":67682.4036889608,"fee":122560.75,"nC":31},"3-3":{"n":12090,"wins":0,"top10":4,"cash":2748,"pay":26320.467805568293,"fee":51128.5,"nC":31},"3-1":{"n":8503,"wins":1,"top10":3,"cash":1631,"pay":14305.674354533603,"fee":32282.5,"nC":31},"2-x":{"n":44626,"wins":1,"top10":11,"cash":7729,"pay":75578.34700778475,"fee":171581.5,"nC":31},"scattered":{"n":7241,"wins":1,"top10":1,"cash":859,"pay":6217.363007518797,"fee":27066.25,"nC":31}}},"global":{"5-1":{"n":73817,"wins":4,"top10":48,"cash":16997,"pay":272403.76270514145,"fee":270643.5,"nC":46},"4-2":{"n":46525,"wins":6,"top10":37,"cash":10402,"pay":211225.10427243327,"fee":170660.5,"nC":46},"5-2":{"n":197617,"wins":13,"top10":207,"cash":46817,"pay":616087.8762628478,"fee":633965.75,"nC":46},"4-3":{"n":44399,"wins":2,"top10":25,"cash":10406,"pay":102918.36471453022,"fee":171365.75,"nC":46},"3-2":{"n":38451,"wins":3,"top10":25,"cash":8641,"pay":99378.06492879179,"fee":151144,"nC":46},"5-3":{"n":104391,"wins":5,"top10":79,"cash":26285,"pay":310271.50200318196,"fee":360696.25,"nC":46},"2-x":{"n":60341,"wins":2,"top10":23,"cash":11344,"pay":134259.89542539167,"fee":229003.25,"nC":46},"3-3":{"n":17667,"wins":0,"top10":6,"cash":3973,"pay":37116.20859867688,"fee":72499.25,"nC":46},"4-4":{"n":16904,"wins":4,"top10":19,"cash":4065,"pay":82652.73435505349,"fee":72803.5,"nC":46},"3-1":{"n":11513,"wins":2,"top10":5,"cash":2294,"pay":19584.735204603072,"fee":43398.5,"nC":46},"4-1":{"n":17781,"wins":1,"top10":9,"cash":3766,"pay":43163.840004308026,"fee":62669,"nC":46},"scattered":{"n":8304,"wins":1,"top10":1,"cash":1078,"pay":7535.911525039012,"fee":30337.25,"nC":46}},"winKeys":{"2026-07-01|e2553650e1994360":1,"2026-07-01|908f37915ffe7d5c":1,"2026-07-01|b06bfa39aae69ad0":1,"2026-07-01|ae59448656e4e730":1,"2026-07-01|3dd1300f2dc711c0":1,"2026-06-30|ba13a047375e3076":1,"2026-06-30|cebc0ac9c36e4a39":1,"2026-06-30|87775c99928a5258":1,"2026-06-30|485dbd13aaf496f6":1,"2026-06-30|54ea2386a7a31cbc":1,"2026-06-29|85c7a68bb5f225f4":1,"2026-06-29|91068debba38bd87":1,"2026-06-29|bbf7cbd92f4dfa64":1,"2026-06-28|af39403287d801b2":1,"2026-06-28|b1aea23f8c06911f":1,"2026-06-28|e4bca07843616594":1,"2026-06-28|58842cb4808a795f":1,"2026-06-28|800345dcb0aa1dee":1,"2026-06-27|c328e6e90dd6b56b":1,"2026-06-27|497b9eee9c645de5":1,"2026-06-27|91c0918f22c9d9a1":1,"2026-06-27|fe1a4dc6e663ef02":1,"2026-06-27|ebcfadb34ce6d605":1,"2026-06-26|e6c7e17bfc75ed60":1,"2026-06-26|911b0e6e1f7d4a80":1,"2026-06-26|3efe5bee419d83e8":1,"2026-06-26|cb1c97d85bd2efde":1,"2026-06-26|82b08d8ddb99e31b":1,"2026-06-25|8ac5250f35bdd183":1,"2026-06-25|026beab33acbb46d":1,"2026-06-25|60a00cc1d8e3981b":1,"2026-06-25|b36694e42093e2ce":1,"2026-06-25|652af9d99d84f4b7":1,"2026-06-24|9ca92d76a52f2e13":1,"2026-06-24|d9d62e30a4147842":1,"2026-06-24|89ca1e67a396c7ae":1,"2026-06-24|0e4fb1e17cb27ac4":1,"2026-06-24|4be39fc0c7e01658":1,"2026-06-23|b1d6dec01d2a1a14":1,"2026-06-23|68eca8be72654e99":1,"2026-06-23|23910d80f40371f2":1,"2026-06-23|6fddf0a7cbf4c980":1,"2026-06-22|7c8cad81106bc325":1}},"shapeRoi":{"small":{"fieldAvgRoiPct":0,"shapes":{}},"main":{"fieldAvgRoiPct":-15,"shapes":{"5-1":{"winLift":0.951,"top10Lift":0.996,"cashLift":0.968,"winPct":0.005,"top10Pct":0.09,"cashPct":22.2,"roiPct":-38.8,"nEntries":21062,"wins":1,"top10":18,"cash":4671,"nContests":15},"4-2":{"winLift":1.728,"top10Lift":1.002,"cashLift":0.924,"winPct":0.027,"top10Pct":0.09,"cashPct":21,"roiPct":137.9,"nEntries":14879,"wins":4,"top10":13,"cash":3124,"nContests":15},"5-2":{"winLift":0.906,"top10Lift":1.112,"cashLift":1.024,"winPct":0.006,"top10Pct":0.1,"cashPct":23.5,"roiPct":-30.6,"nEntries":54155,"wins":3,"top10":56,"cash":12750,"nContests":15},"4-3":{"winLift":1,"top10Lift":0.981,"cashLift":0.986,"winPct":0,"top10Pct":0.08,"cashPct":22.6,"roiPct":-27.8,"nEntries":12736,"wins":0,"top10":10,"cash":2879,"nContests":15},"3-2":{"winLift":1.159,"top10Lift":0.991,"cashLift":1.055,"winPct":0.015,"top10Pct":0.08,"cashPct":24.4,"roiPct":-42.5,"nEntries":13212,"wins":2,"top10":11,"cash":3223,"nContests":15},"5-3":{"winLift":0.977,"top10Lift":0.996,"cashLift":1.029,"winPct":0.007,"top10Pct":0.09,"cashPct":23.7,"roiPct":-26.8,"nEntries":26826,"wins":2,"top10":23,"cash":6349,"nContests":15},"2-x":{"winLift":0.973,"top10Lift":0.972,"cashLift":1.001,"winPct":0.006,"top10Pct":0.08,"cashPct":23,"roiPct":2.2,"nEntries":15715,"wins":1,"top10":12,"cash":3615,"nContests":15},"3-3":{"winLift":1,"top10Lift":0.972,"cashLift":0.967,"winPct":0,"top10Pct":0.04,"cashPct":22,"roiPct":-49.5,"nEntries":5577,"wins":0,"top10":2,"cash":1225,"nContests":15},"4-4":{"winLift":1,"top10Lift":1.006,"cashLift":1.002,"winPct":0,"top10Pct":0.09,"cashPct":23,"roiPct":-41.6,"nEntries":4323,"wins":0,"top10":4,"cash":996,"nContests":15},"3-1":{"winLift":1.326,"top10Lift":0.989,"cashLift":0.974,"winPct":0.033,"top10Pct":0.07,"cashPct":22,"roiPct":-52.5,"nEntries":3010,"wins":1,"top10":2,"cash":663,"nContests":15},"4-1":{"winLift":1.149,"top10Lift":0.978,"cashLift":0.952,"winPct":0.02,"top10Pct":0.06,"cashPct":21.5,"roiPct":-26.7,"nEntries":5065,"wins":1,"top10":3,"cash":1087,"nContests":15},"scattered":{"winLift":1,"top10Lift":1,"cashLift":0.964,"winPct":0,"top10Pct":0,"cashPct":20.6,"roiPct":-59.7,"nEntries":1063,"wins":0,"top10":0,"cash":219,"nContests":15}}},"large":{"fieldAvgRoiPct":-14.5,"shapes":{"5-2":{"winLift":1.081,"top10Lift":1.37,"cashLift":1.037,"winPct":0.007,"top10Pct":0.11,"cashPct":23.7,"roiPct":7,"nEntries":143462,"wins":10,"top10":151,"cash":34067,"nContests":31},"4-1":{"winLift":1,"top10Lift":0.955,"cashLift":0.931,"winPct":0,"top10Pct":0.05,"cashPct":21.1,"roiPct":-32.9,"nEntries":12716,"wins":0,"top10":6,"cash":2679,"nContests":31},"5-3":{"winLift":0.901,"top10Lift":1.004,"cashLift":1.121,"winPct":0.004,"top10Pct":0.07,"cashPct":25.7,"roiPct":-10,"nEntries":77565,"wins":3,"top10":56,"cash":19936,"nContests":31},"5-1":{"winLift":0.982,"top10Lift":0.911,"cashLift":1.021,"winPct":0.006,"top10Pct":0.06,"cashPct":23.4,"roiPct":15.7,"nEntries":52755,"wins":3,"top10":30,"cash":12326,