{"schemaVersion":2,"sport":"mlb","generatedAt":"2026-07-02T14:12:37.974Z","raw":{"buckets":{"main":{"5-1":{"n":19370,"wins":1,"top10":16,"cash":4278,"pay":34177.03810821961,"fee":52991.5,"nC":13},"4-2":{"n":13750,"wins":3,"top10":12,"cash":2920,"pay":73650.6534959998,"fee":39699.5,"nC":13},"5-2":{"n":49630,"wins":3,"top10":48,"cash":11710,"pay":68427.43487583699,"fee":106097.75,"nC":13},"4-3":{"n":11573,"wins":0,"top10":9,"cash":2630,"pay":27675.18324779164,"fee":33891,"nC":13},"3-2":{"n":12124,"wins":1,"top10":7,"cash":2961,"pay":19011.568502987506,"fee":34880.5,"nC":13},"5-3":{"n":23904,"wins":2,"top10":19,"cash":5688,"pay":44435.90683112539,"fee":48611.25,"nC":13},"2-x":{"n":14246,"wins":1,"top10":12,"cash":3301,"pay":51215.65952871789,"fee":39743.75,"nC":13},"3-3":{"n":5070,"wins":0,"top10":2,"cash":1110,"pay":7590.851904219723,"fee":15058.75,"nC":13},"4-4":{"n":3812,"wins":0,"top10":4,"cash":887,"pay":7103.771528123286,"fee":10582.5,"nC":13},"3-1":{"n":2768,"wins":1,"top10":2,"cash":599,"pay":4030.060850069471,"fee":8244,"nC":13},"4-1":{"n":4676,"wins":1,"top10":2,"cash":1013,"pay":6384.822609388583,"fee":13367.75,"nC":13},"scattered":{"n":965,"wins":0,"top10":0,"cash":202,"pay":794.5485175202156,"fee":2235,"nC":13}},"large":{"5-2":{"n":109334,"wins":9,"top10":127,"cash":26196,"pay":418575.5333324248,"fee":323429.25,"nC":25},"4-1":{"n":9269,"wins":0,"top10":3,"cash":1803,"pay":13076.100258799175,"fee":31497.25,"nC":25},"5-3":{"n":59624,"wins":1,"top10":48,"cash":15790,"pay":140363.76005001614,"fee":186664,"nC":25},"5-1":{"n":40087,"wins":2,"top10":25,"cash":9329,"pay":142197.02889854755,"fee":137027.75,"nC":25},"4-2":{"n":23171,"wins":2,"top10":16,"cash":5249,"pay":44047.8411762967,"fee":79788.5,"nC":25},"4-4":{"n":9550,"wins":4,"top10":12,"cash":2456,"pay":64155.20751529401,"fee":38704.25,"nC":25},"3-2":{"n":18705,"wins":1,"top10":12,"cash":4213,"pay":40505.44709441492,"fee":72772.25,"nC":25},"4-3":{"n":23434,"wins":1,"top10":11,"cash":5593,"pay":45481.13986133765,"fee":84877.25,"nC":25},"3-3":{"n":8866,"wins":0,"top10":4,"cash":2094,"pay":19146.875185523488,"fee":35662.5,"nC":25},"3-1":{"n":6566,"wins":1,"top10":1,"cash":1249,"pay":9681.18816539541,"fee":24254.75,"nC":25},"2-x":{"n":34624,"wins":1,"top10":9,"cash":5919,"pay":57052.92545443011,"fee":129154.75,"nC":25},"scattered":{"n":6143,"wins":1,"top10":1,"cash":700,"pay":4909.953007518797,"fee":22501,"nC":25}}},"global":{"5-1":{"n":59457,"wins":3,"top10":41,"cash":13607,"pay":176374.0670067673,"fee":190019.25,"nC":38},"4-2":{"n":36921,"wins":5,"top10":28,"cash":8169,"pay":117698.49467229647,"fee":119488,"nC":38},"5-2":{"n":158964,"wins":12,"top10":175,"cash":37906,"pay":487002.9682082619,"fee":429527,"nC":38},"4-3":{"n":35007,"wins":1,"top10":20,"cash":8223,"pay":73156.32310912927,"fee":118768.25,"nC":38},"3-2":{"n":30829,"wins":2,"top10":19,"cash":7174,"pay":59517.01559740241,"fee":107652.75,"nC":38},"5-3":{"n":83528,"wins":3,"top10":67,"cash":21478,"pay":184799.66688114143,"fee":235275.25,"nC":38},"2-x":{"n":48870,"wins":2,"top10":21,"cash":9220,"pay":108268.58498314802,"fee":168898.5,"nC":38},"3-3":{"n":13936,"wins":0,"top10":6,"cash":3204,"pay":26737.727089743203,"fee":50721.25,"nC":38},"4-4":{"n":13362,"wins":4,"top10":16,"cash":3343,"pay":71258.97904341732,"fee":49286.75,"nC":38},"3-1":{"n":9334,"wins":2,"top10":3,"cash":1848,"pay":13711.249015464875,"fee":32498.75,"nC":38},"4-1":{"n":13945,"wins":1,"top10":5,"cash":2816,"pay":19460.92286818776,"fee":44865,"nC":38},"scattered":{"n":7108,"wins":1,"top10":1,"cash":902,"pay":5704.501525039012,"fee":24736,"nC":38}},"winKeys":{"2026-07-01|e2553650e1994360":1,"2026-07-01|908f37915ffe7d5c":1,"2026-07-01|b06bfa39aae69ad0":1,"2026-07-01|ae59448656e4e730":1,"2026-07-01|3dd1300f2dc711c0":1,"2026-06-30|ba13a047375e3076":1,"2026-06-30|cebc0ac9c36e4a39":1,"2026-06-30|87775c99928a5258":1,"2026-06-30|485dbd13aaf496f6":1,"2026-06-30|54ea2386a7a31cbc":1,"2026-06-29|85c7a68bb5f225f4":1,"2026-06-29|91068debba38bd87":1,"2026-06-29|bbf7cbd92f4dfa64":1,"2026-06-28|af39403287d801b2":1,"2026-06-28|b1aea23f8c06911f":1,"2026-06-28|e4bca07843616594":1,"2026-06-28|58842cb4808a795f":1,"2026-06-28|800345dcb0aa1dee":1,"2026-06-27|c328e6e90dd6b56b":1,"2026-06-27|497b9eee9c645de5":1,"2026-06-27|91c0918f22c9d9a1":1,"2026-06-27|fe1a4dc6e663ef02":1,"2026-06-27|ebcfadb34ce6d605":1,"2026-06-26|e6c7e17bfc75ed60":1,"2026-06-26|911b0e6e1f7d4a80":1,"2026-06-26|3efe5bee419d83e8":1,"2026-06-26|cb1c97d85bd2efde":1,"2026-06-26|82b08d8ddb99e31b":1,"2026-06-25|8ac5250f35bdd183":1,"2026-06-25|026beab33acbb46d":1,"2026-06-25|60a00cc1d8e3981b":1,"2026-06-25|b36694e42093e2ce":1,"2026-06-25|652af9d99d84f4b7":1,"2026-06-24|9ca92d76a52f2e13":1,"2026-06-24|d9d62e30a4147842":1,"2026-06-24|89ca1e67a396c7ae":1}},"shapeRoi":{"small":{"fieldAvgRoiPct":0,"shapes":{}},"main":{"fieldAvgRoiPct":-15,"shapes":{"5-1":{"winLift":0.96,"top10Lift":1.002,"cashLift":0.962,"winPct":0.005,"top10Pct":0.08,"cashPct":22.1,"roiPct":-35.5,"nEntries":19370,"wins":1,"top10":16,"cash":4278,"nContests":13},"4-2":{"winLift":1.468,"top10Lift":1.014,"cashLift":0.931,"winPct":0.022,"top10Pct":0.09,"cashPct":21.2,"roiPct":85.5,"nEntries":13750,"wins":3,"top10":12,"cash":2920,"nContests":13},"5-2":{"winLift":0.933,"top10Lift":1.097,"cashLift":1.023,"winPct":0.006,"top10Pct":0.1,"cashPct":23.6,"roiPct":-35.5,"nEntries":49630,"wins":3,"top10":48,"cash":11710,"nContests":13},"4-3":{"winLift":1,"top10Lift":0.99,"cashLift":0.988,"winPct":0,"top10Pct":0.08,"cashPct":22.7,"roiPct":-18.3,"nEntries":11573,"wins":0,"top10":9,"cash":2630,"nContests":13},"3-2":{"winLift":1.003,"top10Lift":0.956,"cashLift":1.053,"winPct":0.008,"top10Pct":0.06,"cashPct":24.4,"roiPct":-45.5,"nEntries":12124,"wins":1,"top10":7,"cash":2961,"nContests":13},"5-3":{"winLift":1.008,"top10Lift":0.99,"cashLift":1.031,"winPct":0.008,"top10Pct":0.08,"cashPct":23.8,"roiPct":-8.6,"nEntries":23904,"wins":2,"top10":19,"cash":5688,"nContests":13},"2-x":{"winLift":0.986,"top10Lift":1.006,"cashLift":1.005,"winPct":0.007,"top10Pct":0.08,"cashPct":23.2,"roiPct":28.9,"nEntries":14246,"wins":1,"top10":12,"cash":3301,"nContests":13},"3-3":{"winLift":1,"top10Lift":0.975,"cashLift":0.963,"winPct":0,"top10Pct":0.04,"cashPct":21.9,"roiPct":-49.6,"nEntries":5070,"wins":0,"top10":2,"cash":1110,"nContests":13},"4-4":{"winLift":1,"top10Lift":1.025,"cashLift":1.007,"winPct":0,"top10Pct":0.1,"cashPct":23.3,"roiPct":-32.9,"nEntries":3812,"wins":0,"top10":4,"cash":887,"nContests":13},"3-1":{"winLift":1.389,"top10Lift":0.994,"cashLift":0.964,"winPct":0.036,"top10Pct":0.07,"cashPct":21.6,"roiPct":-51.1,"nEntries":2768,"wins":1,"top10":2,"cash":599,"nContests":13},"4-1":{"winLift":1.185,"top10Lift":0.977,"cashLift":0.957,"winPct":0.021,"top10Pct":0.04,"cashPct":21.7,"roiPct":-52.2,"nEntries":4676,"wins":1,"top10":2,"cash":1013,"nContests":13},"scattered":{"winLift":1,"top10Lift":1,"cashLift":0.969,"winPct":0,"top10Pct":0,"cashPct":20.9,"roiPct":-64.4,"nEntries":965,"wins":0,"top10":0,"cash":202,"nContests":13}}},"large":{"fieldAvgRoiPct":-14.3,"shapes":{"5-2":{"winLift":1.133,"top10Lift":1.387,"cashLift":1.038,"winPct":0.008,"top10Pct":0.12,"cashPct":24,"roiPct":29.4,"nEntries":109334,"wins":9,"top10":127,"cash":26196,"nContests":25},"4-1":{"winLift":1,"top10Lift":0.96,"cashLift":0.872,"winPct":0,"top10Pct":0.03,"cashPct":19.5,"roiPct":-58.5,"nEntries":9269,"wins":0,"top10":3,"cash":1803,"nContests":25},"5-3":{"winLift":0.917,"top10Lift":1.025,"cashLift":1.144,"winPct":0.002,"top10Pct":0.08,"cashPct":26.5,"roiPct":-24.8,"nEntries":59624,"wins":1,"top10":48,"cash":15790,"nContests":25},"5-1":{"winLift":0.952,"top10Lift":0.927,"cashLift":1.009,"winPct":0.005,"top10Pct":0.06,"cashPct":23.3,"roiPct":3.8,"nEntries":40087,"wins":2,"top10":25,"cash":9329,"nContests":25},"4-2":{"winLift":1.062,"top10Lift":0.971,"cashLift":0.983,"winPct":0.009,"top10Pct":0.07,"cashPct":22.7,"roiPct":-44.8,"nEntries":23171,"wins":2,"top10":16,"cash":5249,"nContests":25},"4-4":{"winLift":2.787,"top10Lift":1.146,