{"schemaVersion":2,"sport":"mlb","generatedAt":"2026-07-02T14:15:44.405Z","raw":{"buckets":{"main":{"5-1":{"n":21062,"wins":1,"top10":18,"cash":4671,"pay":45670.4269971085,"fee":74627.5,"nC":15},"4-2":{"n":14879,"wins":4,"top10":13,"cash":3124,"pay":128807.98682933312,"fee":54141.5,"nC":15},"5-2":{"n":54155,"wins":3,"top10":56,"cash":12750,"pay":114961.71265361477,"fee":165763.75,"nC":15},"4-3":{"n":12736,"wins":0,"top10":10,"cash":2879,"pay":35235.96102556942,"fee":48805,"nC":15},"3-2":{"n":13212,"wins":2,"top10":11,"cash":3223,"pay":27513.40183632084,"fee":47814.5,"nC":15},"5-3":{"n":26826,"wins":2,"top10":23,"cash":6349,"pay":63098.18460890317,"fee":86143.25,"nC":15},"2-x":{"n":15715,"wins":1,"top10":12,"cash":3615,"pay":58681.548417606784,"fee":57421.75,"nC":15},"3-3":{"n":5577,"wins":0,"top10":2,"cash":1225,"pay":10795.740793108613,"fee":21370.75,"nC":15},"4-4":{"n":4323,"wins":0,"top10":4,"cash":996,"pay":9924.771528123285,"fee":17008.5,"nC":15},"3-1":{"n":3010,"wins":1,"top10":2,"cash":663,"pay":5279.060850069471,"fee":11116,"nC":15},"4-1":{"n":5065,"wins":1,"top10":3,"cash":1087,"pay":13210.155942721918,"fee":18031.75,"nC":15},"scattered":{"n":1063,"wins":0,"top10":0,"cash":219,"pay":1318.5485175202157,"fee":3271,"nC":15}},"large":{"5-2":{"n":188519,"wins":14,"top10":180,"cash":45191,"pay":583792.4806008338,"fee":597885.25,"nC":41},"4-1":{"n":17013,"wins":0,"top10":11,"cash":3496,"pay":40123.789745346796,"fee":57839.5,"nC":41},"5-3":{"n":100880,"wins":4,"top10":89,"cash":26285,"pay":333088.44512216497,"fee":350569.75,"nC":41},"5-1":{"n":70580,"wins":6,"top10":44,"cash":16487,"pay":312504.0105410425,"fee":248799,"nC":41},"4-2":{"n":41609,"wins":3,"top10":28,"cash":9487,"pay":146999.91543134023,"fee":150864.25,"nC":41},"4-4":{"n":16075,"wins":4,"top10":16,"cash":3950,"pay":80771.57354410773,"fee":69823.25,"nC":41},"3-2":{"n":33431,"wins":1,"top10":19,"cash":6984,"pay":82019.16666679135,"fee":130411.25,"nC":41},"4-3":{"n":41507,"wins":3,"top10":21,"cash":9861,"pay":84587.95997711708,"fee":156029,"nC":41},"3-3":{"n":15885,"wins":0,"top10":7,"cash":3541,"pay":34047.25626710676,"fee":65901.75,"nC":41},"3-1":{"n":11743,"wins":1,"top10":3,"cash":2126,"pay":16515.5943545336,"fee":40631.25,"nC":41},"2-x":{"n":59539,"wins":1,"top10":12,"cash":10207,"pay":87838.19474209755,"fee":216402.25,"nC":41},"scattered":{"n":9219,"wins":1,"top10":1,"cash":1104,"pay":7307.363007518797,"fee":33125.5,"nC":41}},"small":{"5-2":{"n":3698,"wins":1,"top10":9,"cash":859,"pay":3153.078869047619,"fee":2326.25,"nC":2},"4-3":{"n":1250,"wins":1,"top10":8,"cash":282,"pay":916.8363095238095,"fee":776.75,"nC":2},"5-3":{"n":1413,"wins":0,"top10":4,"cash":367,"pay":546.2217261904761,"fee":879,"nC":2},"3-3":{"n":657,"wins":0,"top10":0,"cash":166,"pay":226.76339285714286,"fee":383.25,"nC":2},"3-2":{"n":1579,"wins":0,"top10":0,"cash":368,"pay":375.8020833333333,"fee":846.25,"nC":2},"5-1":{"n":1249,"wins":0,"top10":3,"cash":302,"pay":532.3854166666667,"fee":760.75,"nC":2},"4-2":{"n":1487,"wins":0,"top10":0,"cash":323,"pay":371.54761904761904,"fee":862.25,"nC":2},"4-4":{"n":250,"wins":0,"top10":0,"cash":66,"pay":93.875,"fee":157.75,"nC":2},"4-1":{"n":277,"wins":0,"top10":0,"cash":49,"pay":52.5,"fee":152.5,"nC":2},"2-x":{"n":1008,"wins":0,"top10":0,"cash":213,"pay":191.73958333333334,"fee":485.25,"nC":2},"3-1":{"n":143,"wins":0,"top10":0,"cash":31,"pay":37.75,"fee":71,"nC":2},"scattered":{"n":10,"wins":0,"top10":0,"cash":1,"pay":0.5,"fee":4,"nC":2}}},"global":{"5-1":{"n":92891,"wins":7,"top10":65,"cash":21460,"pay":358706.82295481773,"fee":324187.25,"nC":58},"4-2":{"n":57975,"wins":7,"top10":41,"cash":12934,"pay":276179.44987972063,"fee":205868,"nC":58},"5-2":{"n":246372,"wins":18,"top10":245,"cash":58800,"pay":701907.2721234948,"fee":765975.25,"nC":58},"4-3":{"n":55493,"wins":4,"top10":39,"cash":13022,"pay":120740.75731221032,"fee":205610.75,"nC":58},"3-2":{"n":48222,"wins":3,"top10":30,"cash":10575,"pay":109908.37058644556,"fee":179072,"nC":58},"5-3":{"n":129119,"wins":6,"top10":116,"cash":33001,"pay":396732.8514572587,"fee":437592,"nC":58},"2-x":{"n":76262,"wins":2,"top10":24,"cash":14035,"pay":146711.4827430379,"fee":274309.25,"nC":58},"3-3":{"n":22119,"wins":0,"top10":9,"cash":4932,"pay":45069.760453072486,"fee":87655.75,"nC":58},"4-4":{"n":20648,"wins":4,"top10":20,"cash":5012,"pay":90790.22007223105,"fee":86989.5,"nC":58},"3-1":{"n":14896,"wins":2,"top10":5,"cash":2820,"pay":21832.405204603067,"fee":51818.25,"nC":58},"4-1":{"n":22355,"wins":1,"top10":14,"cash":4632,"pay":53386.44568806871,"fee":76023.75,"nC":58},"scattered":{"n":10292,"wins":1,"top10":1,"cash":1324,"pay":8626.411525039013,"fee":36400.5,"nC":58}},"winKeys":{"2026-07-01|e2553650e1994360":1,"2026-07-01|908f37915ffe7d5c":1,"2026-07-01|b06bfa39aae69ad0":1,"2026-07-01|ae59448656e4e730":1,"2026-07-01|3dd1300f2dc711c0":1,"2026-06-30|ba13a047375e3076":1,"2026-06-30|cebc0ac9c36e4a39":1,"2026-06-30|87775c99928a5258":1,"2026-06-30|485dbd13aaf496f6":1,"2026-06-30|54ea2386a7a31cbc":1,"2026-06-29|85c7a68bb5f225f4":1,"2026-06-29|91068debba38bd87":1,"2026-06-29|bbf7cbd92f4dfa64":1,"2026-06-28|af39403287d801b2":1,"2026-06-28|b1aea23f8c06911f":1,"2026-06-28|e4bca07843616594":1,"2026-06-28|58842cb4808a795f":1,"2026-06-28|800345dcb0aa1dee":1,"2026-06-27|c328e6e90dd6b56b":1,"2026-06-27|497b9eee9c645de5":1,"2026-06-27|91c0918f22c9d9a1":1,"2026-06-27|fe1a4dc6e663ef02":1,"2026-06-27|ebcfadb34ce6d605":1,"2026-06-26|e6c7e17bfc75ed60":1,"2026-06-26|911b0e6e1f7d4a80":1,"2026-06-26|3efe5bee419d83e8":1,"2026-06-26|cb1c97d85bd2efde":1,"2026-06-26|82b08d8ddb99e31b":1,"2026-06-25|8ac5250f35bdd183":1,"2026-06-25|026beab33acbb46d":1,"2026-06-25|60a00cc1d8e3981b":1,"2026-06-25|b36694e42093e2ce":1,"2026-06-25|652af9d99d84f4b7":1,"2026-06-24|9ca92d76a52f2e13":1,"2026-06-24|d9d62e30a4147842":1,"2026-06-24|89ca1e67a396c7ae":1,"2026-06-24|0e4fb1e17cb27ac4":1,"2026-06-24|4be39fc0c7e01658":1,"2026-06-23|b1d6dec01d2a1a14":1,"2026-06-23|68eca8be72654e99":1,"2026-06-23|23910d80f40371f2":1,"2026-06-23|6fddf0a7cbf4c980":1,"2026-06-22|7c8cad81106bc325":1,"2026-06-21|a539c0b65ccb6235":1,"2026-06-21|e992349d894d1211":1,"2026-06-21|8b197cf97fa46893":1,"2026-06-21|398798a07cbd604f":1,"2026-06-21|57d02e11e766f720":1,"2026-06-19|07dc1f0c7c9039c5":1,"2026-06-19|94ed85d0e1bc3de8":1,"2026-06-19|3538618f48067e3f":1,"2026-06-19|e4623109b0f73f06":1,"2026-06-19|5a0956b63263a5f9":1,"2026-06-18|b0728638f4f3936c":1,"2026-06-18|6b30ecb2851423c0":1}},"shapeRoi":{"small":{"fieldAvgRoiPct":-15.7,"shapes":{"5-2":{"winLift":1.085,"top10Lift":1.059,"cashLift":0.999,"winPct":0.027,"top10Pct":0.24,"cashPct":23.2,"roiPct":35.5,"nEntries":3698,"wins":1,"top10":9,"cash":859,"nContests":2},"4-3":{"winLift":1.468,"top10Lift":1.412,"cashLift":0.988,"winPct":0.08,"top10Pct":0.64,"cashPct":22.6,"roiPct":18,"nEntries":1250,"wins":1,"top10":8,"cash":282,"nContests":2},"5-3":{"winLift":1,"top10Lift":1.049,"cashLift":1.056,"winPct":0,"top10Pct":0.28,"cashPct":26,"roiPct":-37.9,"nEntries":1413,"wins":0,"top10":4,"cash":367,"nContests":2},"3-3":{"winLift":1,"top10Lift":1,"cashLift":1.025,"winPct":0,"top10Pct":0,"cashPct":25.3,"roiPct":-40.8,"nEntries":657,"wins":0,"top10":0,"cash":166,"nContests":2},"3-2":{"winLift":1,"top10Lift":1,"cashLift":1.001,"winPct":0,"top10Pct":0,"cashPct":23.3,"roiPct":-55.6,"nEntries":1579,"wins":0,"top10":0,"cash":368,"nContests":2},"5-1":{"winLift":1,"top10Lift":1.021,"cashLift":1.017,"winPct":0,"top10Pct":0.24,"cashPct":24.2,"roiPct":-30,"nEntries":1249,"wins":0,"top10":3,"cash":302,"nContests":2},"4-2":{"winLift":1,"top10Lift":1,"cashLift":0.971,"winPct":0,"top10Pct":0,"cashPct":21.7,"roiPct":-56.9,"nEntries":1487,"wins":0,"top10":0,"cash":323,"nContests":2},"4-4":{"winLift":1,"top10Lift":1,"cashLift":1.019,"winPct":0,"top10Pct":0,"cashPct":26.4,"roiPct":-40.5,"nEntries":250,"wins":0,"top10":0,"cash":66,"nContests":2},"4-1":{"winLift":1,"top10Lift":1,"cashLift":0.974,"winPct":0,"top10Pct":0,"cashPct":17.7,"roiPct":-65.6,"nEntries":277,"wins":0,"top10":0,"cash":49,