{"schemaVersion":2,"sport":"mlb","generatedAt":"2026-07-01T15:44:27.799Z","raw":{"buckets":{"large":{"5-2":{"n":192429,"wins":26,"top10":190,"cash":45910,"pay":598787.8152713992,"fee":615697.5,"nC":41},"4-1":{"n":16627,"wins":0,"top10":12,"cash":3566,"pay":40362.81686701598,"fee":56651.25,"nC":41},"5-3":{"n":102624,"wins":3,"top10":79,"cash":26613,"pay":326699.4273572046,"fee":365524.5,"nC":41},"5-1":{"n":71175,"wins":6,"top10":46,"cash":16643,"pay":363100.15553617536,"fee":250946,"nC":41},"4-2":{"n":41309,"wins":2,"top10":30,"cash":9619,"pay":98972.80208479913,"fee":152040,"nC":41},"4-4":{"n":16904,"wins":6,"top10":16,"cash":4117,"pay":81466.10142527962,"fee":73532,"nC":41},"3-2":{"n":33621,"wins":3,"top10":20,"cash":7149,"pay":104230.52793192821,"fee":135020.5,"nC":41},"4-3":{"n":42290,"wins":3,"top10":18,"cash":10183,"pay":88884.88868039908,"fee":159727.25,"nC":41},"3-3":{"n":16192,"wins":0,"top10":5,"cash":3608,"pay":33912.82379082382,"fee":67112,"nC":41},"3-1":{"n":11283,"wins":1,"top10":4,"cash":2093,"pay":17622.303931665658,"fee":40831,"nC":41},"2-x":{"n":59602,"wins":1,"top10":11,"cash":10445,"pay":91701.97411579113,"fee":220636,"nC":41},"scattered":{"n":8741,"wins":1,"top10":1,"cash":1081,"pay":7286.363007518797,"fee":32100.75,"nC":41}},"main":{"5-2":{"n":37343,"wins":2,"top10":38,"cash":8468,"pay":81801.84433543854,"fee":115361,"nC":10},"5-3":{"n":20230,"wins":2,"top10":17,"cash":4746,"pay":37233.75718689991,"fee":66549.5,"nC":10},"3-2":{"n":7447,"wins":2,"top10":8,"cash":1956,"pay":18396.056441916386,"fee":25935.5,"nC":10},"4-2":{"n":8369,"wins":1,"top10":5,"cash":1801,"pay":63278.614308176104,"fee":28293.75,"nC":10},"4-4":{"n":3295,"wins":0,"top10":4,"cash":725,"pay":7452.193941916388,"fee":12727.25,"nC":10},"5-1":{"n":11813,"wins":0,"top10":9,"cash":2760,"pay":21855.80397860402,"fee":41683,"nC":10},"3-1":{"n":1579,"wins":1,"top10":2,"cash":378,"pay":2456.892857142857,"fee":5211.75,"nC":10},"4-1":{"n":2483,"wins":1,"top10":2,"cash":575,"pay":9300.753151260504,"fee":8158.5,"nC":10},"2-x":{"n":9269,"wins":1,"top10":7,"cash":2157,"pay":47512.28432451596,"fee":32697.25,"nC":10},"4-3":{"n":7791,"wins":0,"top10":8,"cash":1723,"pay":26160.33140734282,"fee":29474.25,"nC":10},"3-3":{"n":3077,"wins":0,"top10":2,"cash":668,"pay":6739.1695492662475,"fee":12300.75,"nC":10},"scattered":{"n":544,"wins":0,"top10":0,"cash":122,"pay":811.7985175202157,"fee":1635.75,"nC":10}}},"global":{"5-2":{"n":229772,"wins":28,"top10":228,"cash":54378,"pay":680589.6596068351,"fee":731058.5,"nC":51},"4-1":{"n":19110,"wins":1,"top10":14,"cash":4141,"pay":49663.57001827647,"fee":64809.75,"nC":51},"5-3":{"n":122854,"wins":5,"top10":96,"cash":31359,"pay":363933.1845441042,"fee":432074,"nC":51},"5-1":{"n":82988,"wins":6,"top10":55,"cash":19403,"pay":384955.95951477933,"fee":292629,"nC":51},"4-2":{"n":49678,"wins":3,"top10":35,"cash":11420,"pay":162251.41639297493,"fee":180333.75,"nC":51},"4-4":{"n":20199,"wins":6,"top10":20,"cash":4842,"pay":88918.29536719604,"fee":86259.25,"nC":51},"3-2":{"n":41068,"wins":5,"top10":28,"cash":9105,"pay":122626.58437384458,"fee":160956,"nC":51},"4-3":{"n":50081,"wins":3,"top10":26,"cash":11906,"pay":115045.22008774192,"fee":189201.5,"nC":51},"3-3":{"n":19269,"wins":0,"top10":7,"cash":4276,"pay":40651.99334009008,"fee":79412.75,"nC":51},"3-1":{"n":12862,"wins":2,"top10":6,"cash":2471,"pay":20079.196788808513,"fee":46042.75,"nC":51},"2-x":{"n":68871,"wins":2,"top10":18,"cash":12602,"pay":139214.2584403072,"fee":253333.25,"nC":51},"scattered":{"n":9285,"wins":1,"top10":1,"cash":1203,"pay":8098.161525039012,"fee":33736.5,"nC":51}}},"shapeRoi":{"small":{"fieldAvgRoiPct":0,"shapes":{}},"main":{"fieldAvgRoiPct":-15,"shapes":{"5-2":{"winLift":0.921,"top10Lift":1.063,"cashLift":0.985,"winPct":0.005,"top10Pct":0.1,"cashPct":22.7,"roiPct":-29.1,"nEntries":37343,"wins":2,"top10":38,"cash":8468,"nContests":10},"5-3":{"winLift":1.024,"top10Lift":0.98,"cashLift":1.017,"winPct":0.01,"top10Pct":0.08,"cashPct":23.5,"roiPct":-44.1,"nEntries":20230,"wins":2,"top10":17,"cash":4746,"nContests":10},"3-2":{"winLift":1.408,"top10Lift":1.032,"cashLift":1.117,"winPct":0.027,"top10Pct":0.11,"cashPct":26.3,"roiPct":-29.1,"nEntries":7447,"wins":2,"top10":8,"cash":1956,"nContests":10},"4-2":{"winLift":1.039,"top10Lift":0.963,"cashLift":0.946,"winPct":0.012,"top10Pct":0.06,"cashPct":21.5,"roiPct":123.6,"nEntries":8369,"wins":1,"top10":5,"cash":1801,"nContests":10},"4-4":{"winLift":1,"top10Lift":1.032,"cashLift":0.971,"winPct":0,"top10Pct":0.12,"cashPct":22,"roiPct":-41.4,"nEntries":3295,"wins":0,"top10":4,"cash":725,"nContests":10},"5-1":{"winLift":1,"top10Lift":0.972,"cashLift":1.013,"winPct":0,"top10Pct":0.08,"cashPct":23.4,"roiPct":-47.6,"nEntries":11813,"wins":0,"top10":9,"cash":2760,"nContests":10},"3-1":{"winLift":1.686,"top10Lift":1.019,"cashLift":1.019,"winPct":0.063,"top10Pct":0.13,"cashPct":23.9,"roiPct":-52.9,"nEntries":1579,"wins":1,"top10":2,"cash":378,"nContests":10},"4-1":{"winLift":1.396,"top10Lift":0.995,"cashLift":1.003,"winPct":0.04,"top10Pct":0.08,"cashPct":23.2,"roiPct":14,"nEntries":2483,"wins":1,"top10":2,"cash":575,"nContests":10},"2-x":{"winLift":1.025,"top10Lift":0.976,"cashLift":1.009,"winPct":0.011,"top10Pct":0.08,"cashPct":23.3,"roiPct":45.3,"nEntries":9269,"wins":1,"top10":7,"cash":2157,"nContests":10},"4-3":{"winLift":1,"top10Lift":1.023,"cashLift":0.968,"winPct":0,"top10Pct":0.1,"cashPct":22.1,"roiPct":-11.2,"nEntries":7791,"wins":0,"top10":8,"cash":1723,"nContests":10},"3-3":{"winLift":1,"top10Lift":0.987,"cashLift":0.964,"winPct":0,"top10Pct":0.06,"cashPct":21.7,"roiPct":-45.2,"nEntries":3077,"wins":0,"top10":2,"cash":668,"nContests":10},"scattered":{"winLift":1,"top10Lift":1,"cashLift":0.994,"winPct":0,"top10Pct":0,"cashPct":22.4,"roiPct":-50.4,"nEntries":544,"wins":0,"top10":0,"cash":122,"nContests":10}}},"large":{"fieldAvgRoiPct":-14.6,"shapes":{"5-2":{"winLift":1.453,"top10Lift":1.331,"cashLift":1.036,"winPct":0.014,"top10Pct":0.1,"cashPct":23.9,"roiPct":-2.7,"nEntries":192429,"wins":26,"top10":190,"cash":45910,"nContests":41},"4-1":{"winLift":1,"top10Lift":1.005,"cashLift":0.939,"winPct":0,"top10Pct":0.07,"cashPct":21.4,"roiPct":-28.8,"nEntries":16627,"wins":0,"top10":12,"cash":3566,"nContests":41},"5-3":{"winLift":0.821,"top10Lift":1.061,"cashLift":1.125,"winPct":0.003,"top10Pct":0.08,"cashPct":25.9,"roiPct":-10.6,"nEntries":102624,"wins":3,"top10":79,"cash":26613,"nContests":41},"5-1":{"winLift":0.997,"top10Lift":0.955,"cashLift":1.016,"winPct":0.008,"top10Pct":0.06,"cashPct":23.4,"roiPct":44.7,"nEntries":71175,"wins":6,"top10":46,"cash":16643,"nContests":41},"4-2":{"winLift":0.914,"top10Lift":1.013,"cashLift":1.011,"winPct":0.005,"top10Pct":0.07,"cashPct":23.3,"roiPct":-34.9,"nEntries":41309,"wins":2,"top10":30,"cash":9619,"nContests":41},"4-4":{"winLift":2.364,"top10Lift":1.098,"cashLift":1.053,"winPct":0.035,"top10Pct":0.09,"cashPct":24.4,"roiPct":10.8,"nEntries":16904,"wins":6,"top10":16,"cash":4117,"nContests":41},"3-2":{"winLift":1.014,"top10Lift":0.948,"cashLift":0.928,"winPct":0.009,"top10Pct":0.06,"cashPct":21.3,"roiPct":-22.8,"nEntries":33621,"wins":3,"top10":20,"cash":7149,"nContests":41},"4-3":{"winLift":0.955,"top10Lift":0.877,"cashLift":1.045,"winPct":0.007,"top10Pct":0.04,"cashPct":24.1,"roiPct":-44.4,"nEntries":42290,"wins":3,"top10":18,"cash":10183,"nContests":41},"3-3":{"winLift":1,"top10Lift":0.938,"cashLift":0.971,"winPct":0,"top10Pct":0.03,"cashPct":22.3,"roiPct":-49.5,"nEntries":16192,"wins":0,"top10":5,"cash":3608,"nContests":41},"3-1":{"winLift":1.005,"top10Lift":0.955,"cashLift":0.837,"winPct":0.009,"top10Pct":0.04,"cashPct":18.6,"roiPct":-56.8,"nEntries":11283,"wins":1,"top10":4,"cash":2093,"nContests":41},"2-x":{"winLift":0.911,"top10Lift":0.841,"cashLift":0.77,"winPct":0.002,"top10Pct":0.02,"cashPct":17.5,"roiPct":-58.4,"nEntries":59602,"wins":1,"top10":11,"cash":10445,"nContests":41},"scattered":{"winLift":1.039,"top10Lift":0.98,"cashLift":0.662,"winPct":0.011,"top10Pct":0.01,"cashPct":12.4,