{"schemaVersion":2,"sport":"mlb","generatedAt":"2026-07-02T14:11:50.704Z","raw":{"buckets":{"main":{"5-1":{"n":9249,"wins":1,"top10":9,"cash":1911,"pay":23814.623018504488,"fee":32944.5,"nC":5},"4-2":{"n":6510,"wins":3,"top10":8,"cash":1323,"pay":65529.372521157005,"fee":25847.75,"nC":5},"5-2":{"n":16812,"wins":1,"top10":18,"cash":4282,"pay":33159.868318176086,"fee":50402.75,"nC":5},"4-3":{"n":4945,"wins":0,"top10":2,"cash":1156,"pay":9075.629618226601,"fee":19330.75,"nC":5},"3-2":{"n":5765,"wins":0,"top10":3,"cash":1267,"pay":9117.345394404449,"fee":21879,"nC":5},"5-3":{"n":6596,"wins":0,"top10":6,"cash":1603,"pay":25864.427422003286,"fee":19593.75,"nC":5},"2-x":{"n":6446,"wins":0,"top10":5,"cash":1458,"pay":11169.26409309082,"fee":24724.5,"nC":5},"3-3":{"n":2500,"wins":0,"top10":0,"cash":557,"pay":4056.5712438423643,"fee":9070,"nC":5},"4-4":{"n":1028,"wins":0,"top10":0,"cash":271,"pay":2472.5775862068967,"fee":4281.25,"nC":5},"3-1":{"n":1431,"wins":0,"top10":0,"cash":285,"pay":2822.167992926614,"fee":5904.25,"nC":5},"4-1":{"n":2582,"wins":0,"top10":1,"cash":512,"pay":3909.402791461412,"fee":9873.25,"nC":5},"scattered":{"n":519,"wins":0,"top10":0,"cash":97,"pay":506.75,"fee":1635.25,"nC":5}},"large":{"5-2":{"n":109334,"wins":9,"top10":127,"cash":26196,"pay":418575.5333324248,"fee":323429.25,"nC":25},"4-1":{"n":9269,"wins":0,"top10":3,"cash":1803,"pay":13076.100258799175,"fee":31497.25,"nC":25},"5-3":{"n":59624,"wins":1,"top10":48,"cash":15790,"pay":140363.76005001614,"fee":186664,"nC":25},"5-1":{"n":40087,"wins":2,"top10":25,"cash":9329,"pay":142197.02889854755,"fee":137027.75,"nC":25},"4-2":{"n":23171,"wins":2,"top10":16,"cash":5249,"pay":44047.8411762967,"fee":79788.5,"nC":25},"4-4":{"n":9550,"wins":4,"top10":12,"cash":2456,"pay":64155.20751529401,"fee":38704.25,"nC":25},"3-2":{"n":18705,"wins":1,"top10":12,"cash":4213,"pay":40505.44709441492,"fee":72772.25,"nC":25},"4-3":{"n":23434,"wins":1,"top10":11,"cash":5593,"pay":45481.13986133765,"fee":84877.25,"nC":25},"3-3":{"n":8866,"wins":0,"top10":4,"cash":2094,"pay":19146.875185523488,"fee":35662.5,"nC":25},"3-1":{"n":6566,"wins":1,"top10":1,"cash":1249,"pay":9681.18816539541,"fee":24254.75,"nC":25},"2-x":{"n":34624,"wins":1,"top10":9,"cash":5919,"pay":57052.92545443011,"fee":129154.75,"nC":25},"scattered":{"n":6143,"wins":1,"top10":1,"cash":700,"pay":4909.953007518797,"fee":22501,"nC":25}}},"global":{"5-1":{"n":49336,"wins":3,"top10":34,"cash":11240,"pay":166011.6519170522,"fee":169972.25,"nC":30},"4-2":{"n":29681,"wins":5,"top10":24,"cash":6572,"pay":109577.21369745367,"fee":105636.25,"nC":30},"5-2":{"n":126146,"wins":10,"top10":145,"cash":30478,"pay":451735.40165060107,"fee":373832,"nC":30},"4-3":{"n":28379,"wins":1,"top10":13,"cash":6749,"pay":54556.76947956423,"fee":104208,"nC":30},"3-2":{"n":24470,"wins":1,"top10":15,"cash":5480,"pay":49622.79248881937,"fee":94651.25,"nC":30},"5-3":{"n":66220,"wins":1,"top10":54,"cash":17393,"pay":166228.1874720194,"fee":206257.75,"nC":30},"2-x":{"n":41070,"wins":1,"top10":14,"cash":7377,"pay":68222.18954752092,"fee":153879.25,"nC":30},"3-3":{"n":11366,"wins":0,"top10":4,"cash":2651,"pay":23203.446429365846,"fee":44732.5,"nC":30},"4-4":{"n":10578,"wins":4,"top10":12,"cash":2727,"pay":66627.78510150091,"fee":42985.5,"nC":30},"3-1":{"n":7997,"wins":1,"top10":1,"cash":1534,"pay":12503.356158322018,"fee":30159,"nC":30},"4-1":{"n":11851,"wins":0,"top10":4,"cash":2315,"pay":16985.503050260588,"fee":41370.5,"nC":30},"scattered":{"n":6662,"wins":1,"top10":1,"cash":797,"pay":5416.703007518797,"fee":24136.25,"nC":30}},"winKeys":{"2026-07-01|e2553650e1994360":1,"2026-07-01|908f37915ffe7d5c":1,"2026-07-01|b06bfa39aae69ad0":1,"2026-07-01|ae59448656e4e730":1,"2026-07-01|3dd1300f2dc711c0":1,"2026-06-30|ba13a047375e3076":1,"2026-06-30|cebc0ac9c36e4a39":1,"2026-06-30|87775c99928a5258":1,"2026-06-30|485dbd13aaf496f6":1,"2026-06-30|54ea2386a7a31cbc":1,"2026-06-29|85c7a68bb5f225f4":1,"2026-06-29|91068debba38bd87":1,"2026-06-29|bbf7cbd92f4dfa64":1,"2026-06-28|af39403287d801b2":1,"2026-06-28|b1aea23f8c06911f":1,"2026-06-28|e4bca07843616594":1,"2026-06-28|58842cb4808a795f":1,"2026-06-28|800345dcb0aa1dee":1,"2026-06-27|c328e6e90dd6b56b":1,"2026-06-27|497b9eee9c645de5":1,"2026-06-27|91c0918f22c9d9a1":1,"2026-06-27|fe1a4dc6e663ef02":1,"2026-06-27|ebcfadb34ce6d605":1,"2026-06-26|e6c7e17bfc75ed60":1,"2026-06-26|911b0e6e1f7d4a80":1,"2026-06-26|3efe5bee419d83e8":1,"2026-06-26|cb1c97d85bd2efde":1,"2026-06-26|82b08d8ddb99e31b":1}},"shapeRoi":{"small":{"fieldAvgRoiPct":0,"shapes":{}},"main":{"fieldAvgRoiPct":-15.1,"shapes":{"5-1":{"winLift":1.044,"top10Lift":1.038,"cashLift":0.92,"winPct":0.011,"top10Pct":0.1,"cashPct":20.7,"roiPct":-27.7,"nEntries":9249,"wins":1,"top10":9,"cash":1911,"nContests":5},"4-2":{"winLift":2.346,"top10Lift":1.087,"cashLift":0.915,"winPct":0.046,"top10Pct":0.12,"cashPct":20.3,"roiPct":153.5,"nEntries":6510,"wins":3,"top10":8,"cash":1323,"nContests":5},"5-2":{"winLift":0.974,"top10Lift":1.101,"cashLift":1.104,"winPct":0.006,"top10Pct":0.11,"cashPct":25.5,"roiPct":-34.2,"nEntries":16812,"wins":1,"top10":18,"cash":4282,"nContests":5},"4-3":{"winLift":1,"top10Lift":0.976,"cashLift":1.017,"winPct":0,"top10Pct":0.04,"cashPct":23.4,"roiPct":-53.1,"nEntries":4945,"wins":0,"top10":2,"cash":1156,"nContests":5},"3-2":{"winLift":1,"top10Lift":0.975,"cashLift":0.97,"winPct":0,"top10Pct":0.05,"cashPct":22,"roiPct":-58.3,"nEntries":5765,"wins":0,"top10":3,"cash":1267,"nContests":5},"5-3":{"winLift":1,"top10Lift":1.016,"cashLift":1.05,"winPct":0,"top10Pct":0.09,"cashPct":24.3,"roiPct":32,"nEntries":6596,"wins":0,"top10":6,"cash":1603,"nContests":5},"2-x":{"winLift":1,"top10Lift":0.996,"cashLift":0.992,"winPct":0,"top10Pct":0.08,"cashPct":22.6,"roiPct":-54.8,"nEntries":6446,"wins":0,"top10":5,"cash":1458,"nContests":5},"3-3":{"winLift":1,"top10Lift":1,"cashLift":0.985,"winPct":0,"top10Pct":0,"cashPct":22.3,"roiPct":-55.3,"nEntries":2500,"wins":0,"top10":0,"cash":557,"nContests":5},"4-4":{"winLift":1,"top10Lift":1,"cashLift":1.062,"winPct":0,"top10Pct":0,"cashPct":26.4,"roiPct":-42.2,"nEntries":1028,"wins":0,"top10":0,"cash":271,"nContests":5},"3-1":{"winLift":1,"top10Lift":1,"cashLift":0.946,"winPct":0,"top10Pct":0,"cashPct":19.9,"roiPct":-52.2,"nEntries":1431,"wins":0,"top10":0,"cash":285,"nContests":5},"4-1":{"winLift":1,"top10Lift":0.987,"cashLift":0.925,"winPct":0,"top10Pct":0.04,"cashPct":19.8,"roiPct":-60.4,"nEntries":2582,"wins":0,"top10":1,"cash":512,"nContests":5},"scattered":{"winLift":1,"top10Lift":1,"cashLift":0.964,"winPct":0,"top10Pct":0,"cashPct":18.7,"roiPct":-69,"nEntries":519,"wins":0,"top10":0,"cash":97,"nContests":5}}},"large":{"fieldAvgRoiPct":-14.3,"shapes":{"5-2":{"winLift":1.133,"top10Lift":1.387,"cashLift":1.038,"winPct":0.008,"top10Pct":0.12,"cashPct":24,"roiPct":29.4,"nEntries":109334,"wins":9,"top10":127,"cash":26196,"nContests":25},"4-1":{"winLift":1,"top10Lift":0.96,"cashLift":0.872,"winPct":0,"top10Pct":0.03,"cashPct":19.5,"roiPct":-58.5,"nEntries":9269,"wins":0,"top10":3,"cash":1803,"nContests":25},"5-3":{"winLift":0.917,"top10Lift":1.025,"cashLift":1.144,"winPct":0.002,"top10Pct":0.08,"cashPct":26.5,"roiPct":-24.8,"nEntries":59624,"wins":1,"top10":48,"cash":15790,"nContests":25},"5-1":{"winLift":0.952,"top10Lift":0.927,"cashLift":1.009,"winPct":0.005,"top10Pct":0.06,"cashPct":23.3,"roiPct":3.8,"nEntries":40087,"wins":2,"top10":25,"cash":9329,"nContests":25},"4-2":{"winLift":1.062,"top10Lift":0.971,"cashLift":0.983,"winPct":0.009,"top10Pct":0.07,"cashPct":22.7,"roiPct":-44.8,"nEntries":23171,"wins":2,"top10":16,"cash":5249,"nContests":25},"4-4":{"winLift":2.787,"top10Lift":1.146,"cashLift":1.099,"winPct":0.042,"top10Pct":0.13,"cashPct":25.7,"roiPct":65.8,"nEntries":9550,"wins":4,"top10":12,"cash":2456,"nContests":25},"3-2":{"winLift":0.979,"top10Lift":0.962,"cashLift":0.978,"winPct":0.005,"top10Pct":0.06,"cashPct":22.5,"roiPct":-44.3,"nEntries":18705,"wins":1,"top10":12,"cash":4213,"nContests":25},"4-3":{"winLift":0.961,"top10Lift":0.916,