{"schemaVersion":2,"sport":"mlb","generatedAt":"2026-07-02T13:12:49.758Z","raw":{"buckets":{"large":{"5-2":{"n":216227,"wins":27,"top10":202,"cash":51873,"pay":639669.578142119,"fee":681748,"nC":46},"4-1":{"n":19247,"wins":0,"top10":13,"cash":4013,"pay":42802.7090892382,"fee":64361.5,"nC":46},"5-3":{"n":115683,"wins":4,"top10":97,"cash":30112,"pay":373744.18295975256,"fee":405984,"nC":46},"5-1":{"n":80957,"wins":7,"top10":52,"cash":18954,"pay":385386.7524586897,"fee":280007,"nC":46},"4-2":{"n":47169,"wins":3,"top10":32,"cash":10834,"pay":156121.77910234302,"fee":169714.75,"nC":46},"4-4":{"n":18623,"wins":6,"top10":17,"cash":4561,"pay":86159.06653806157,"fee":80187.25,"nC":46},"3-2":{"n":38197,"wins":3,"top10":22,"cash":7964,"pay":109198.25494947206,"fee":148057.25,"nC":46},"4-3":{"n":47560,"wins":4,"top10":23,"cash":11370,"pay":97150.37756928794,"fee":176597.25,"nC":46},"3-3":{"n":18245,"wins":0,"top10":7,"cash":4053,"pay":37931.07379082382,"fee":74386.5,"nC":46},"3-1":{"n":13293,"wins":1,"top10":4,"cash":2389,"pay":18877.89059833232,"fee":45464,"nC":46},"2-x":{"n":67661,"wins":1,"top10":12,"cash":11720,"pay":97460.97179436256,"fee":241598,"nC":46},"scattered":{"n":10042,"wins":1,"top10":1,"cash":1231,"pay":8025.363007518797,"fee":35692.75,"nC":46}},"main":{"5-2":{"n":71042,"wins":4,"top10":66,"cash":16692,"pay":207204.4914706312,"fee":215147.25,"nC":20},"5-3":{"n":34087,"wins":3,"top10":35,"cash":8292,"pay":88527.80779266388,"fee":114848.75,"nC":20},"3-2":{"n":17115,"wins":4,"top10":15,"cash":3976,"pay":36224.0546140986,"fee":62645,"nC":20},"4-2":{"n":19529,"wins":5,"top10":18,"cash":4417,"pay":139798.8266020604,"fee":69902.25,"nC":20},"4-4":{"n":5644,"wins":0,"top10":6,"cash":1339,"pay":14607.70486145662,"fee":23266,"nC":20},"5-1":{"n":29059,"wins":1,"top10":24,"cash":6608,"pay":59951.58722438126,"fee":101697.25,"nC":20},"3-1":{"n":4062,"wins":1,"top10":2,"cash":873,"pay":6573.310850069472,"fee":14612.25,"nC":20},"4-1":{"n":6939,"wins":1,"top10":5,"cash":1610,"pay":16794.225387166363,"fee":23927.75,"nC":20},"2-x":{"n":20932,"wins":1,"top10":14,"cash":4470,"pay":64851.29259010098,"fee":75437.25,"nC":20},"4-3":{"n":16914,"wins":0,"top10":16,"cash":3928,"pay":44233.55445991287,"fee":63422,"nC":20},"3-3":{"n":7268,"wins":0,"top10":2,"cash":1635,"pay":13055.522844390665,"fee":28055.5,"nC":20},"scattered":{"n":1438,"wins":0,"top10":0,"cash":266,"pay":1655.0485175202157,"fee":4571.5,"nC":20}},"small":{"5-2":{"n":12840,"wins":3,"top10":18,"cash":3106,"pay":34684.081262732354,"fee":37956.75,"nC":5},"4-3":{"n":3914,"wins":2,"top10":11,"cash":915,"pay":33022.50346002037,"fee":13358.25,"nC":5},"5-3":{"n":4376,"wins":0,"top10":11,"cash":1165,"pay":11026.81744811561,"fee":14905,"nC":5},"3-3":{"n":2180,"wins":0,"top10":0,"cash":497,"pay":3721.1461277692897,"fee":9067.75,"nC":5},"3-2":{"n":4509,"wins":0,"top10":1,"cash":989,"pay":8301.951433982682,"fee":16453.25,"nC":5},"5-1":{"n":4068,"wins":0,"top10":8,"cash":975,"pay":16651.86639451235,"fee":17573.75,"nC":5},"4-2":{"n":4686,"wins":0,"top10":2,"cash":952,"pay":6899.19696969697,"fee":17552.75,"nC":5},"4-4":{"n":950,"wins":0,"top10":2,"cash":240,"pay":4124.450757575758,"fee":3936.75,"nC":5},"4-1":{"n":850,"wins":0,"top10":0,"cash":167,"pay":1263.4415584415585,"fee":3385.5,"nC":5},"2-x":{"n":2689,"wins":0,"top10":2,"cash":556,"pay":3839.9374442959,"fee":9640.75,"nC":5},"3-1":{"n":369,"wins":0,"top10":0,"cash":72,"pay":439.10714285714283,"fee":1245.5,"nC":5},"scattered":{"n":14,"wins":0,"top10":0,"cash":2,"pay":23.5,"fee":35,"nC":4}}},"global":{"5-2":{"n":300109,"wins":34,"top10":286,"cash":71671,"pay":881558.1508754779,"fee":934852,"nC":71},"4-1":{"n":27036,"wins":1,"top10":18,"cash":5790,"pay":60860.376034846115,"fee":91674.75,"nC":71},"5-3":{"n":154146,"wins":7,"top10":143,"cash":39569,"pay":473298.8082005316,"fee":535737.75,"nC":71},"5-1":{"n":114084,"wins":8,"top10":84,"cash":26537,"pay":461990.20607758337,"fee":399278,"nC":71},"4-2":{"n":71384,"wins":8,"top10":52,"cash":16203,"pay":302819.80267410004,"fee":257169.75,"nC":71},"4-4":{"n":25217,"wins":6,"top10":25,"cash":6140,"pay":104891.22215709402,"fee":107390,"nC":71},"3-2":{"n":59821,"wins":7,"top10":38,"cash":12929,"pay":153724.2609975534,"fee":227155.5,"nC":71},"4-3":{"n":68388,"wins":6,"top10":50,"cash":16213,"pay":174406.4354892213,"fee":253377.5,"nC":71},"3-3":{"n":27693,"wins":0,"top10":9,"cash":6185,"pay":54707.74276298379,"fee":111509.75,"nC":71},"3-1":{"n":17724,"wins":2,"top10":6,"cash":3334,"pay":25890.308591258927,"fee":61321.75,"nC":71},"2-x":{"n":91282,"wins":2,"top10":28,"cash":16746,"pay":166152.20182875966,"fee":326676,"nC":71},"scattered":{"n":11494,"wins":1,"top10":1,"cash":1499,"pay":9703.911525039013,"fee":40299.25,"nC":70}}},"shapeRoi":{"small":{"fieldAvgRoiPct":-14.5,"shapes":{"5-2":{"winLift":1.255,"top10Lift":1.017,"cashLift":1.036,"winPct":0.023,"top10Pct":0.14,"cashPct":24.2,"roiPct":-8.6,"nEntries":12840,"wins":3,"top10":18,"cash":3106,"nContests":5},"4-3":{"winLift":1.647,"top10Lift":1.241,"cashLift":1.004,"winPct":0.051,"top10Pct":0.28,"cashPct":23.4,"roiPct":147.2,"nEntries":3914,"wins":2,"top10":11,"cash":915,"nContests":5},"5-3":{"winLift":1,"top10Lift":1.193,"cashLift":1.108,"winPct":0,"top10Pct":0.25,"cashPct":26.6,"roiPct":-26,"nEntries":4376,"wins":0,"top10":11,"cash":1165,"nContests":5},"3-3":{"winLift":1,"top10Lift":1,"cashLift":0.989,"winPct":0,"top10Pct":0,"cashPct":22.8,"roiPct":-59,"nEntries":2180,"wins":0,"top10":0,"cash":497,"nContests":5},"3-2":{"winLift":1,"top10Lift":0.98,"cashLift":0.96,"winPct":0,"top10Pct":0.02,"cashPct":21.9,"roiPct":-49.5,"nEntries":4509,"wins":0,"top10":1,"cash":989,"nContests":5},"5-1":{"winLift":1,"top10Lift":1.08,"cashLift":1.022,"winPct":0,"top10Pct":0.2,"cashPct":24,"roiPct":-5.2,"nEntries":4068,"wins":0,"top10":8,"cash":975,"nContests":5},"4-2":{"winLift":1,"top10Lift":0.968,"cashLift":0.911,"winPct":0,"top10Pct":0.04,"cashPct":20.3,"roiPct":-60.7,"nEntries":4686,"wins":0,"top10":2,"cash":952,"nContests":5},"4-4":{"winLift":1,"top10Lift":1.028,"cashLift":1.032,"winPct":0,"top10Pct":0.21,"cashPct":25.3,"roiPct":4.8,"nEntries":950,"wins":0,"top10":2,"cash":240,"nContests":5},"4-1":{"winLift":1,"top10Lift":1,"cashLift":0.954,"winPct":0,"top10Pct":0,"cashPct":19.6,"roiPct":-62.7,"nEntries":850,"wins":0,"top10":0,"cash":167,"nContests":5},"2-x":{"winLift":1,"top10Lift":0.979,"cashLift":0.936,"winPct":0,"top10Pct":0.07,"cashPct":20.7,"roiPct":-60.2,"nEntries":2689,"wins":0,"top10":2,"cash":556,"nContests":5},"3-1":{"winLift":1,"top10Lift":1,"cashLift":0.975,"winPct":0,"top10Pct":0,"cashPct":19.5,"roiPct":-64.7,"nEntries":369,"wins":0,"top10":0,"cash":72,"nContests":5},"scattered":{"winLift":1,"top10Lift":1,"cashLift":0.998,"winPct":0,"top10Pct":0,"cashPct":14.3,"roiPct":-32.9,"nEntries":14,"wins":0,"top10":0,"cash":2,"nContests":4}}},"main":{"fieldAvgRoiPct":-13,"shapes":{"5-2":{"winLift":0.886,"top10Lift":1.044,"cashLift":1.016,"winPct":0.006,"top10Pct":0.09,"cashPct":23.5,"roiPct":-3.7,"nEntries":71042,"wins":4,"top10":66,"cash":16692,"nContests":20},"5-3":{"winLift":1.008,"top10Lift":1.086,"cashLift":1.05,"winPct":0.009,"top10Pct":0.1,"cashPct":24.3,"roiPct":-22.9,"nEntries":34087,"wins":3,"top10":35,"cash":8292,"nContests":20},"3-2":{"winLift":1.578,"top10Lift":1.003,"cashLift":1.004,"winPct":0.023,"top10Pct":0.09,"cashPct":23.2,"roiPct":-42.2,"nEntries":17115,"wins":4,"top10":15,"cash":3976,"nContests":20},"4-2":{"winLift":1.768,"top10Lift":1.019,"cashLift":0.98,"winPct":0.026,"top10Pct":0.09,"cashPct":22.6,"roiPct":100,"nEntries":19529,"wins":5,"top10":18,"cash":4417,"nContests":20},"4-4":{"winLift":1,"top10Lift":1.029,"cashLift":1.02,"winPct":0,"top10Pct":0.11,"cashPct":23.7,"roiPct":-37.2,"nEntries":5644,"wins":0,"top10":6,"cash":1339,"nContests":20},"5-1":{"winLift":0.934,"top10Lift":0.982,"cashLift":0.985,"winPct":0.003,"top10Pct":0.08,"cashPct":22.7,"roiPct":-41,"nEntries":29059,"wins":1,"top10":24,"cash":6608,"nContests":20},"3-1":{"winLift":1.209,"top10Lift":0.979,