{"schemaVersion":2,"sport":"mlb","generatedAt":"2026-07-02T14:09:27.050Z","raw":{"buckets":{"main":{"5-1":{"n":9249,"wins":1,"top10":9,"cash":1911,"pay":23814.623018504488,"fee":32944.5,"nC":5},"4-2":{"n":6510,"wins":3,"top10":8,"cash":1323,"pay":65529.372521157005,"fee":25847.75,"nC":5},"5-2":{"n":16812,"wins":1,"top10":18,"cash":4282,"pay":33159.868318176086,"fee":50402.75,"nC":5},"4-3":{"n":4945,"wins":0,"top10":2,"cash":1156,"pay":9075.629618226601,"fee":19330.75,"nC":5},"3-2":{"n":5765,"wins":0,"top10":3,"cash":1267,"pay":9117.345394404449,"fee":21879,"nC":5},"5-3":{"n":6596,"wins":0,"top10":6,"cash":1603,"pay":25864.427422003286,"fee":19593.75,"nC":5},"2-x":{"n":6446,"wins":0,"top10":5,"cash":1458,"pay":11169.26409309082,"fee":24724.5,"nC":5},"3-3":{"n":2500,"wins":0,"top10":0,"cash":557,"pay":4056.5712438423643,"fee":9070,"nC":5},"4-4":{"n":1028,"wins":0,"top10":0,"cash":271,"pay":2472.5775862068967,"fee":4281.25,"nC":5},"3-1":{"n":1431,"wins":0,"top10":0,"cash":285,"pay":2822.167992926614,"fee":5904.25,"nC":5},"4-1":{"n":2582,"wins":0,"top10":1,"cash":512,"pay":3909.402791461412,"fee":9873.25,"nC":5},"scattered":{"n":519,"wins":0,"top10":0,"cash":97,"pay":506.75,"fee":1635.25,"nC":5}},"large":{"5-2":{"n":23772,"wins":2,"top10":15,"cash":5369,"pay":98850.41224067757,"fee":69526,"nC":4},"4-1":{"n":1921,"wins":0,"top10":2,"cash":391,"pay":2328.8097826086955,"fee":5898,"nC":4},"5-3":{"n":12521,"wins":0,"top10":9,"cash":3344,"pay":25067.79302890122,"fee":35854.25,"nC":4},"5-1":{"n":8619,"wins":0,"top10":4,"cash":1888,"pay":15181.880336479047,"fee":27986.75,"nC":4},"4-2":{"n":5381,"wins":1,"top10":4,"cash":1279,"pay":9089.317580408584,"fee":16520.25,"nC":4},"4-4":{"n":1939,"wins":1,"top10":2,"cash":581,"pay":6923.210650488709,"fee":7087.25,"nC":4},"3-2":{"n":4284,"wins":0,"top10":4,"cash":956,"pay":9151.025899824814,"fee":15876,"nC":4},"4-3":{"n":4970,"wins":0,"top10":0,"cash":1138,"pay":9764.234584980237,"fee":16665.25,"nC":4},"3-3":{"n":2018,"wins":0,"top10":0,"cash":461,"pay":4376.820634920635,"fee":7254.5,"nC":4},"3-1":{"n":1398,"wins":0,"top10":0,"cash":225,"pay":1526.5732750734273,"fee":4896,"nC":4},"2-x":{"n":7254,"wins":0,"top10":1,"cash":839,"pay":20048.921985637106,"fee":26138.5,"nC":4},"scattered":{"n":1403,"wins":0,"top10":0,"cash":95,"pay":690,"fee":5173.25,"nC":4}}},"global":{"5-1":{"n":17868,"wins":1,"top10":13,"cash":3799,"pay":38996.50335498355,"fee":60931.25,"nC":9},"4-2":{"n":11891,"wins":4,"top10":12,"cash":2602,"pay":74618.69010156556,"fee":42368,"nC":9},"5-2":{"n":40584,"wins":3,"top10":33,"cash":9651,"pay":132010.2805588536,"fee":119928.75,"nC":9},"4-3":{"n":9915,"wins":0,"top10":2,"cash":2294,"pay":18839.864203206842,"fee":35996,"nC":9},"3-2":{"n":10049,"wins":0,"top10":7,"cash":2223,"pay":18268.371294229262,"fee":37755,"nC":9},"5-3":{"n":19117,"wins":0,"top10":15,"cash":4947,"pay":50932.220450904526,"fee":55448,"nC":9},"2-x":{"n":13700,"wins":0,"top10":6,"cash":2297,"pay":31218.186078727926,"fee":50863,"nC":9},"3-3":{"n":4518,"wins":0,"top10":0,"cash":1018,"pay":8433.391878763,"fee":16324.5,"nC":9},"4-4":{"n":2967,"wins":1,"top10":2,"cash":852,"pay":9395.788236695607,"fee":11368.5,"nC":9},"3-1":{"n":2829,"wins":0,"top10":0,"cash":510,"pay":4348.741268000036,"fee":10800.25,"nC":9},"4-1":{"n":4503,"wins":0,"top10":3,"cash":903,"pay":6238.2125740701085,"fee":15771.25,"nC":9},"scattered":{"n":1922,"wins":0,"top10":0,"cash":192,"pay":1196.75,"fee":6808.5,"nC":9}},"winKeys":{"2026-07-01|e2553650e1994360":1,"2026-07-01|908f37915ffe7d5c":1,"2026-07-01|b06bfa39aae69ad0":1,"2026-07-01|ae59448656e4e730":1,"2026-07-01|3dd1300f2dc711c0":1,"2026-06-30|ba13a047375e3076":1,"2026-06-30|cebc0ac9c36e4a39":1,"2026-06-30|87775c99928a5258":1,"2026-06-30|485dbd13aaf496f6":1}},"shapeRoi":{"small":{"fieldAvgRoiPct":0,"shapes":{}},"main":{"fieldAvgRoiPct":-15.1,"shapes":{"5-1":{"winLift":1.044,"top10Lift":1.038,"cashLift":0.92,"winPct":0.011,"top10Pct":0.1,"cashPct":20.7,"roiPct":-27.7,"nEntries":9249,"wins":1,"top10":9,"cash":1911,"nContests":5},"4-2":{"winLift":2.346,"top10Lift":1.087,"cashLift":0.915,"winPct":0.046,"top10Pct":0.12,"cashPct":20.3,"roiPct":153.5,"nEntries":6510,"wins":3,"top10":8,"cash":1323,"nContests":5},"5-2":{"winLift":0.974,"top10Lift":1.101,"cashLift":1.104,"winPct":0.006,"top10Pct":0.11,"cashPct":25.5,"roiPct":-34.2,"nEntries":16812,"wins":1,"top10":18,"cash":4282,"nContests":5},"4-3":{"winLift":1,"top10Lift":0.976,"cashLift":1.017,"winPct":0,"top10Pct":0.04,"cashPct":23.4,"roiPct":-53.1,"nEntries":4945,"wins":0,"top10":2,"cash":1156,"nContests":5},"3-2":{"winLift":1,"top10Lift":0.975,"cashLift":0.97,"winPct":0,"top10Pct":0.05,"cashPct":22,"roiPct":-58.3,"nEntries":5765,"wins":0,"top10":3,"cash":1267,"nContests":5},"5-3":{"winLift":1,"top10Lift":1.016,"cashLift":1.05,"winPct":0,"top10Pct":0.09,"cashPct":24.3,"roiPct":32,"nEntries":6596,"wins":0,"top10":6,"cash":1603,"nContests":5},"2-x":{"winLift":1,"top10Lift":0.996,"cashLift":0.992,"winPct":0,"top10Pct":0.08,"cashPct":22.6,"roiPct":-54.8,"nEntries":6446,"wins":0,"top10":5,"cash":1458,"nContests":5},"3-3":{"winLift":1,"top10Lift":1,"cashLift":0.985,"winPct":0,"top10Pct":0,"cashPct":22.3,"roiPct":-55.3,"nEntries":2500,"wins":0,"top10":0,"cash":557,"nContests":5},"4-4":{"winLift":1,"top10Lift":1,"cashLift":1.062,"winPct":0,"top10Pct":0,"cashPct":26.4,"roiPct":-42.2,"nEntries":1028,"wins":0,"top10":0,"cash":271,"nContests":5},"3-1":{"winLift":1,"top10Lift":1,"cashLift":0.946,"winPct":0,"top10Pct":0,"cashPct":19.9,"roiPct":-52.2,"nEntries":1431,"wins":0,"top10":0,"cash":285,"nContests":5},"4-1":{"winLift":1,"top10Lift":0.987,"cashLift":0.925,"winPct":0,"top10Pct":0.04,"cashPct":19.8,"roiPct":-60.4,"nEntries":2582,"wins":0,"top10":1,"cash":512,"nContests":5},"scattered":{"winLift":1,"top10Lift":1,"cashLift":0.964,"winPct":0,"top10Pct":0,"cashPct":18.7,"roiPct":-69,"nEntries":519,"wins":0,"top10":0,"cash":97,"nContests":5}}},"large":{"fieldAvgRoiPct":-15,"shapes":{"5-2":{"winLift":1.118,"top10Lift":1.044,"cashLift":1.027,"winPct":0.008,"top10Pct":0.06,"cashPct":22.6,"roiPct":42.2,"nEntries":23772,"wins":2,"top10":15,"cash":5369,"nContests":4},"4-1":{"winLift":1,"top10Lift":1.044,"cashLift":0.964,"winPct":0,"top10Pct":0.1,"cashPct":20.4,"roiPct":-60.5,"nEntries":1921,"wins":0,"top10":2,"cash":391,"nContests":4},"5-3":{"winLift":1,"top10Lift":1.059,"cashLift":1.194,"winPct":0,"top10Pct":0.07,"cashPct":26.7,"roiPct":-30.1,"nEntries":12521,"wins":0,"top10":9,"cash":3344,"nContests":4},"5-1":{"winLift":1,"top10Lift":0.987,"cashLift":0.998,"winPct":0,"top10Pct":0.05,"cashPct":21.9,"roiPct":-45.8,"nEntries":8619,"wins":0,"top10":4,"cash":1888,"nContests":4},"4-2":{"winLift":1.279,"top10Lift":1.034,"cashLift":1.063,"winPct":0.019,"top10Pct":0.07,"cashPct":23.8,"roiPct":-45,"nEntries":5381,"wins":1,"top10":4,"cash":1279,"nContests":4},"4-4":{"winLift":1.97,"top10Lift":1.043,"cashLift":1.216,"winPct":0.052,"top10Pct":0.1,"cashPct":30,"roiPct":-2.3,"nEntries":1939,"wins":1,"top10":2,"cash":581,"nContests":4},"3-2":{"winLift":1,"top10Lift":1.065,"cashLift":1.012,"winPct":0,"top10Pct":0.09,"cashPct":22.3,"roiPct":-42.4,"nEntries":4284,"wins":0,"top10":4,"cash":956,"nContests":4},"4-3":{"winLift":1,"top10Lift":1,"cashLift":1.032,"winPct":0,"top10Pct":0,"cashPct":22.9,"roiPct":-41.4,"nEntries":4970,"wins":0,"top10":0,"cash":1138,"nContests":4},"3-3":{"winLift":1,"top10Lift":1,"cashLift":1.022,"winPct":0,"top10Pct":0,"cashPct":22.8,"roiPct":-39.7,"nEntries":2018,"wins":0,"top10":0,"cash":461,"nContests":4},"3-1":{"winLift":1,"top10Lift":1,"cashLift":0.904,"winPct":0,"top10Pct":0,"cashPct":16.1,"roiPct":-68.8,"nEntries":1398,"wins":0,"top10":0,"cash":225,"nContests":4},"2-x":{"winLift":1,"top10Lift":0.982,"cashLift":0.68,"winPct":0,"top10Pct":0.01,"cashPct":11.6,"roiPct":-23.3,"nEntries":7254,"wins":0,"top10":1,"cash":839,"nContests":4},"scattered":{"winLift":1,"top10Lift":1,"cashLift":0.867,"winPct":0,"top10Pct":0,"cashPct":6.8,"roiPct":-86.7,"nEntries":1403,"wins":0,"top10":0,"cash":95,