{"schemaVersion":2,"sport":"mlb","generatedAt":"2026-07-01T15:42:50.762Z","raw":{"buckets":{"large":{"5-2":{"n":158608,"wins":22,"top10":161,"cash":37680,"pay":509136.67606344743,"fee":475243.75,"nC":33},"4-1":{"n":13892,"wins":0,"top10":7,"cash":2942,"pay":30269.39752312458,"fee":45137.25,"nC":33},"5-3":{"n":84334,"wins":3,"top10":59,"cash":21820,"pay":250042.00292541407,"fee":277642.25,"nC":33},"5-1":{"n":58431,"wins":3,"top10":33,"cash":13620,"pay":228598.20347360056,"fee":198612,"nC":33},"4-2":{"n":34239,"wins":2,"top10":26,"cash":7929,"pay":83259.93841379634,"fee":117660.5,"nC":33},"4-4":{"n":13676,"wins":6,"top10":15,"cash":3344,"pay":73058.10843132577,"fee":56291,"nC":33},"3-2":{"n":27480,"wins":3,"top10":15,"cash":5905,"pay":72443.4396492475,"fee":104269.5,"nC":33},"4-3":{"n":34641,"wins":2,"top10":15,"cash":8286,"pay":68647.55442156155,"fee":123923,"nC":33},"3-3":{"n":13168,"wins":0,"top10":4,"cash":2970,"pay":26615.006267106754,"fee":51596.25,"nC":33},"3-1":{"n":9335,"wins":1,"top10":3,"cash":1768,"pay":14441.174354533603,"fee":32621.25,"nC":33},"2-x":{"n":49097,"wins":1,"top10":11,"cash":8531,"pay":76304.88546932323,"fee":173409.25,"nC":33},"scattered":{"n":7692,"wins":1,"top10":1,"cash":934,"pay":6279.363007518797,"fee":27238.5,"nC":33}},"main":{"5-2":{"n":37343,"wins":2,"top10":38,"cash":8468,"pay":81801.84433543854,"fee":115361,"nC":10},"5-3":{"n":20230,"wins":2,"top10":17,"cash":4746,"pay":37233.75718689991,"fee":66549.5,"nC":10},"3-2":{"n":7447,"wins":2,"top10":8,"cash":1956,"pay":18396.056441916386,"fee":25935.5,"nC":10},"4-2":{"n":8369,"wins":1,"top10":5,"cash":1801,"pay":63278.614308176104,"fee":28293.75,"nC":10},"4-4":{"n":3295,"wins":0,"top10":4,"cash":725,"pay":7452.193941916388,"fee":12727.25,"nC":10},"5-1":{"n":11813,"wins":0,"top10":9,"cash":2760,"pay":21855.80397860402,"fee":41683,"nC":10},"3-1":{"n":1579,"wins":1,"top10":2,"cash":378,"pay":2456.892857142857,"fee":5211.75,"nC":10},"4-1":{"n":2483,"wins":1,"top10":2,"cash":575,"pay":9300.753151260504,"fee":8158.5,"nC":10},"2-x":{"n":9269,"wins":1,"top10":7,"cash":2157,"pay":47512.28432451596,"fee":32697.25,"nC":10},"4-3":{"n":7791,"wins":0,"top10":8,"cash":1723,"pay":26160.33140734282,"fee":29474.25,"nC":10},"3-3":{"n":3077,"wins":0,"top10":2,"cash":668,"pay":6739.1695492662475,"fee":12300.75,"nC":10},"scattered":{"n":544,"wins":0,"top10":0,"cash":122,"pay":811.7985175202157,"fee":1635.75,"nC":10}}},"global":{"5-2":{"n":195951,"wins":24,"top10":199,"cash":46148,"pay":590938.5203988843,"fee":590604.75,"nC":43},"4-1":{"n":16375,"wins":1,"top10":9,"cash":3517,"pay":39570.15067438506,"fee":53295.75,"nC":43},"5-3":{"n":104564,"wins":5,"top10":76,"cash":26566,"pay":287275.76011231367,"fee":344191.75,"nC":43},"5-1":{"n":70244,"wins":3,"top10":42,"cash":16380,"pay":250454.00745220453,"fee":240295,"nC":43},"4-2":{"n":42608,"wins":3,"top10":31,"cash":9730,"pay":146538.5527219722,"fee":145954.25,"nC":43},"4-4":{"n":16971,"wins":6,"top10":19,"cash":4069,"pay":80510.3023732422,"fee":69018.25,"nC":43},"3-2":{"n":34927,"wins":5,"top10":23,"cash":7861,"pay":90839.49609116388,"fee":130205,"nC":43},"4-3":{"n":42432,"wins":2,"top10":23,"cash":10009,"pay":94807.8858289044,"fee":153397.25,"nC":43},"3-3":{"n":16245,"wins":0,"top10":6,"cash":3638,"pay":33354.175816373005,"fee":63897,"nC":43},"3-1":{"n":10914,"wins":2,"top10":5,"cash":2146,"pay":16898.067211676458,"fee":37833,"nC":43},"2-x":{"n":58366,"wins":2,"top10":18,"cash":10688,"pay":123817.16979383923,"fee":206106.5,"nC":43},"scattered":{"n":8236,"wins":1,"top10":1,"cash":1056,"pay":7091.161525039012,"fee":28874.25,"nC":43}}},"shapeRoi":{"small":{"fieldAvgRoiPct":0,"shapes":{}},"main":{"fieldAvgRoiPct":-15,"shapes":{"5-2":{"winLift":0.921,"top10Lift":1.063,"cashLift":0.985,"winPct":0.005,"top10Pct":0.1,"cashPct":22.7,"roiPct":-29.1,"nEntries":37343,"wins":2,"top10":38,"cash":8468,"nContests":10},"5-3":{"winLift":1.024,"top10Lift":0.98,"cashLift":1.017,"winPct":0.01,"top10Pct":0.08,"cashPct":23.5,"roiPct":-44.1,"nEntries":20230,"wins":2,"top10":17,"cash":4746,"nContests":10},"3-2":{"winLift":1.408,"top10Lift":1.032,"cashLift":1.117,"winPct":0.027,"top10Pct":0.11,"cashPct":26.3,"roiPct":-29.1,"nEntries":7447,"wins":2,"top10":8,"cash":1956,"nContests":10},"4-2":{"winLift":1.039,"top10Lift":0.963,"cashLift":0.946,"winPct":0.012,"top10Pct":0.06,"cashPct":21.5,"roiPct":123.6,"nEntries":8369,"wins":1,"top10":5,"cash":1801,"nContests":10},"4-4":{"winLift":1,"top10Lift":1.032,"cashLift":0.971,"winPct":0,"top10Pct":0.12,"cashPct":22,"roiPct":-41.4,"nEntries":3295,"wins":0,"top10":4,"cash":725,"nContests":10},"5-1":{"winLift":1,"top10Lift":0.972,"cashLift":1.013,"winPct":0,"top10Pct":0.08,"cashPct":23.4,"roiPct":-47.6,"nEntries":11813,"wins":0,"top10":9,"cash":2760,"nContests":10},"3-1":{"winLift":1.686,"top10Lift":1.019,"cashLift":1.019,"winPct":0.063,"top10Pct":0.13,"cashPct":23.9,"roiPct":-52.9,"nEntries":1579,"wins":1,"top10":2,"cash":378,"nContests":10},"4-1":{"winLift":1.396,"top10Lift":0.995,"cashLift":1.003,"winPct":0.04,"top10Pct":0.08,"cashPct":23.2,"roiPct":14,"nEntries":2483,"wins":1,"top10":2,"cash":575,"nContests":10},"2-x":{"winLift":1.025,"top10Lift":0.976,"cashLift":1.009,"winPct":0.011,"top10Pct":0.08,"cashPct":23.3,"roiPct":45.3,"nEntries":9269,"wins":1,"top10":7,"cash":2157,"nContests":10},"4-3":{"winLift":1,"top10Lift":1.023,"cashLift":0.968,"winPct":0,"top10Pct":0.1,"cashPct":22.1,"roiPct":-11.2,"nEntries":7791,"wins":0,"top10":8,"cash":1723,"nContests":10},"3-3":{"winLift":1,"top10Lift":0.987,"cashLift":0.964,"winPct":0,"top10Pct":0.06,"cashPct":21.7,"roiPct":-45.2,"nEntries":3077,"wins":0,"top10":2,"cash":668,"nContests":10},"scattered":{"winLift":1,"top10Lift":1,"cashLift":0.994,"winPct":0,"top10Pct":0,"cashPct":22.4,"roiPct":-50.4,"nEntries":544,"wins":0,"top10":0,"cash":122,"nContests":10}}},"large":{"fieldAvgRoiPct":-14.5,"shapes":{"5-2":{"winLift":1.433,"top10Lift":1.371,"cashLift":1.035,"winPct":0.014,"top10Pct":0.1,"cashPct":23.8,"roiPct":7.1,"nEntries":158608,"wins":22,"top10":161,"cash":37680,"nContests":33},"4-1":{"winLift":1,"top10Lift":0.959,"cashLift":0.933,"winPct":0,"top10Pct":0.05,"cashPct":21.2,"roiPct":-32.9,"nEntries":13892,"wins":0,"top10":7,"cash":2942,"nContests":33},"5-3":{"winLift":0.839,"top10Lift":1.005,"cashLift":1.126,"winPct":0.004,"top10Pct":0.07,"cashPct":25.9,"roiPct":-9.9,"nEntries":84334,"wins":3,"top10":59,"cash":21820,"nContests":33},"5-1":{"winLift":0.888,"top10Lift":0.916,"cashLift":1.016,"winPct":0.005,"top10Pct":0.06,"cashPct":23.3,"roiPct":15.1,"nEntries":58431,"wins":3,"top10":33,"cash":13620,"nContests":33},"4-2":{"winLift":0.934,"top10Lift":1.037,"cashLift":1.009,"winPct":0.006,"top10Pct":0.08,"cashPct":23.2,"roiPct":-29.2,"nEntries":34239,"wins":2,"top10":26,"cash":7929,"nContests":33},"4-4":{"winLift":2.728,"top10Lift":1.159,"cashLift":1.059,"winPct":0.044,"top10Pct":0.11,"cashPct":24.5,"roiPct":29.8,"nEntries":13676,"wins":6,"top10":15,"cash":3344,"nContests":33},"3-2":{"winLift":1.069,"top10Lift":0.942,"cashLift":0.941,"winPct":0.011,"top10Pct":0.05,"cashPct":21.5,"roiPct":-30.5,"nEntries":27480,"wins":3,"top10":15,"cash":5905,"nContests":33},"4-3":{"winLift":0.932,"top10Lift":0.898,"cashLift":1.041,"winPct":0.006,"top10Pct":0.04,"cashPct":23.9,"roiPct":-44.6,"nEntries":34641,"wins":2,"top10":15,"cash":8286,"nContests":33},"3-3":{"winLift":1,"top10Lift":0.949,"cashLift":0.985,"winPct":0,"top10Pct":0.03,"cashPct":22.6,"roiPct":-48.4,"nEntries":13168,"wins":0,"top10":4,"cash":2970,"nContests":33},"3-1":{"winLift":1.025,"top10Lift":0.963,"cashLift":0.858,"winPct":0.011,"top10Pct":0.03,"cashPct":18.9,"roiPct":-55.7,"nEntries":9335,"wins":1,"top10":3,"cash":1768,"nContests":33},"2-x":{"winLift":0.915,"top10Lift":0.854,"cashLift":0.768,"winPct":0.002,"top10Pct":0.02,"cashPct":17.4,"roiPct":-56,"nEntries":49097,"wins":1,"top10":11,"cash":8531,"nContests":33},"scattered":{"winLift":1.055,"top10Lift":0.98,"cashLift":0.671,"winPct":0.013,"top10Pct":0.01,"cashPct":12.1,"roiPct":-76.9,