{"schemaVersion":2,"sport":"mlb","generatedAt":"2026-07-02T14:16:03.709Z","raw":{"buckets":{"main":{"5-1":{"n":21062,"wins":1,"top10":18,"cash":4671,"pay":45670.4269971085,"fee":74627.5,"nC":15},"4-2":{"n":14879,"wins":4,"top10":13,"cash":3124,"pay":128807.98682933312,"fee":54141.5,"nC":15},"5-2":{"n":54155,"wins":3,"top10":56,"cash":12750,"pay":114961.71265361477,"fee":165763.75,"nC":15},"4-3":{"n":12736,"wins":0,"top10":10,"cash":2879,"pay":35235.96102556942,"fee":48805,"nC":15},"3-2":{"n":13212,"wins":2,"top10":11,"cash":3223,"pay":27513.40183632084,"fee":47814.5,"nC":15},"5-3":{"n":26826,"wins":2,"top10":23,"cash":6349,"pay":63098.18460890317,"fee":86143.25,"nC":15},"2-x":{"n":15715,"wins":1,"top10":12,"cash":3615,"pay":58681.548417606784,"fee":57421.75,"nC":15},"3-3":{"n":5577,"wins":0,"top10":2,"cash":1225,"pay":10795.740793108613,"fee":21370.75,"nC":15},"4-4":{"n":4323,"wins":0,"top10":4,"cash":996,"pay":9924.771528123285,"fee":17008.5,"nC":15},"3-1":{"n":3010,"wins":1,"top10":2,"cash":663,"pay":5279.060850069471,"fee":11116,"nC":15},"4-1":{"n":5065,"wins":1,"top10":3,"cash":1087,"pay":13210.155942721918,"fee":18031.75,"nC":15},"scattered":{"n":1063,"wins":0,"top10":0,"cash":219,"pay":1318.5485175202157,"fee":3271,"nC":15}},"large":{"5-2":{"n":188519,"wins":14,"top10":180,"cash":45191,"pay":583792.4806008338,"fee":597885.25,"nC":41},"4-1":{"n":17013,"wins":0,"top10":11,"cash":3496,"pay":40123.789745346796,"fee":57839.5,"nC":41},"5-3":{"n":100880,"wins":4,"top10":89,"cash":26285,"pay":333088.44512216497,"fee":350569.75,"nC":41},"5-1":{"n":70580,"wins":6,"top10":44,"cash":16487,"pay":312504.0105410425,"fee":248799,"nC":41},"4-2":{"n":41609,"wins":3,"top10":28,"cash":9487,"pay":146999.91543134023,"fee":150864.25,"nC":41},"4-4":{"n":16075,"wins":4,"top10":16,"cash":3950,"pay":80771.57354410773,"fee":69823.25,"nC":41},"3-2":{"n":33431,"wins":1,"top10":19,"cash":6984,"pay":82019.16666679135,"fee":130411.25,"nC":41},"4-3":{"n":41507,"wins":3,"top10":21,"cash":9861,"pay":84587.95997711708,"fee":156029,"nC":41},"3-3":{"n":15885,"wins":0,"top10":7,"cash":3541,"pay":34047.25626710676,"fee":65901.75,"nC":41},"3-1":{"n":11743,"wins":1,"top10":3,"cash":2126,"pay":16515.5943545336,"fee":40631.25,"nC":41},"2-x":{"n":59539,"wins":1,"top10":12,"cash":10207,"pay":87838.19474209755,"fee":216402.25,"nC":41},"scattered":{"n":9219,"wins":1,"top10":1,"cash":1104,"pay":7307.363007518797,"fee":33125.5,"nC":41}},"small":{"5-2":{"n":12840,"wins":3,"top10":18,"cash":3106,"pay":34684.081262732354,"fee":37956.75,"nC":5},"4-3":{"n":3914,"wins":2,"top10":11,"cash":915,"pay":33022.50346002037,"fee":13358.25,"nC":5},"5-3":{"n":4376,"wins":0,"top10":11,"cash":1165,"pay":11026.81744811561,"fee":14905,"nC":5},"3-3":{"n":2180,"wins":0,"top10":0,"cash":497,"pay":3721.1461277692897,"fee":9067.75,"nC":5},"3-2":{"n":4509,"wins":0,"top10":1,"cash":989,"pay":8301.951433982682,"fee":16453.25,"nC":5},"5-1":{"n":4068,"wins":0,"top10":8,"cash":975,"pay":16651.86639451235,"fee":17573.75,"nC":5},"4-2":{"n":4686,"wins":0,"top10":2,"cash":952,"pay":6899.19696969697,"fee":17552.75,"nC":5},"4-4":{"n":950,"wins":0,"top10":2,"cash":240,"pay":4124.450757575758,"fee":3936.75,"nC":5},"4-1":{"n":850,"wins":0,"top10":0,"cash":167,"pay":1263.4415584415585,"fee":3385.5,"nC":5},"2-x":{"n":2689,"wins":0,"top10":2,"cash":556,"pay":3839.9374442959,"fee":9640.75,"nC":5},"3-1":{"n":369,"wins":0,"top10":0,"cash":72,"pay":439.10714285714283,"fee":1245.5,"nC":5},"scattered":{"n":14,"wins":0,"top10":0,"cash":2,"pay":23.5,"fee":35,"nC":4}}},"global":{"5-1":{"n":95710,"wins":7,"top10":70,"cash":22133,"pay":374826.3039326636,"fee":341000.25,"nC":61},"4-2":{"n":61174,"wins":7,"top10":43,"cash":13563,"pay":282707.0992303701,"fee":222558.5,"nC":61},"5-2":{"n":255514,"wins":20,"top10":254,"cash":61047,"pay":733438.2745171799,"fee":801605.75,"nC":61},"4-3":{"n":58157,"wins":5,"top10":42,"cash":13655,"pay":152846.4244627069,"fee":218192.25,"nC":61},"3-2":{"n":51152,"wins":3,"top10":31,"cash":11196,"pay":117834.51993709494,"fee":194679,"nC":61},"5-3":{"n":132082,"wins":6,"top10":123,"cash":33799,"pay":407213.4471791838,"fee":451618,"nC":61},"2-x":{"n":77943,"wins":2,"top10":26,"cash":14378,"pay":150359.68060400046,"fee":283464.75,"nC":61},"3-3":{"n":23642,"wins":0,"top10":9,"cash":5263,"pay":48564.14318798464,"fee":96340.25,"nC":61},"4-4":{"n":21348,"wins":4,"top10":22,"cash":5186,"pay":94820.79582980684,"fee":90768.5,"nC":61},"3-1":{"n":15122,"wins":2,"top10":5,"cash":2861,"pay":22233.762347460208,"fee":52992.75,"nC":61},"4-1":{"n":22928,"wins":1,"top10":14,"cash":4750,"pay":54597.38724651027,"fee":79256.75,"nC":61},"scattered":{"n":10296,"wins":1,"top10":1,"cash":1325,"pay":8649.411525039013,"fee":36431.5,"nC":60}},"winKeys":{"2026-07-01|e2553650e1994360":1,"2026-07-01|908f37915ffe7d5c":1,"2026-07-01|b06bfa39aae69ad0":1,"2026-07-01|ae59448656e4e730":1,"2026-07-01|3dd1300f2dc711c0":1,"2026-06-30|ba13a047375e3076":1,"2026-06-30|cebc0ac9c36e4a39":1,"2026-06-30|87775c99928a5258":1,"2026-06-30|485dbd13aaf496f6":1,"2026-06-30|54ea2386a7a31cbc":1,"2026-06-29|85c7a68bb5f225f4":1,"2026-06-29|91068debba38bd87":1,"2026-06-29|bbf7cbd92f4dfa64":1,"2026-06-28|af39403287d801b2":1,"2026-06-28|b1aea23f8c06911f":1,"2026-06-28|e4bca07843616594":1,"2026-06-28|58842cb4808a795f":1,"2026-06-28|800345dcb0aa1dee":1,"2026-06-27|c328e6e90dd6b56b":1,"2026-06-27|497b9eee9c645de5":1,"2026-06-27|91c0918f22c9d9a1":1,"2026-06-27|fe1a4dc6e663ef02":1,"2026-06-27|ebcfadb34ce6d605":1,"2026-06-26|e6c7e17bfc75ed60":1,"2026-06-26|911b0e6e1f7d4a80":1,"2026-06-26|3efe5bee419d83e8":1,"2026-06-26|cb1c97d85bd2efde":1,"2026-06-26|82b08d8ddb99e31b":1,"2026-06-25|8ac5250f35bdd183":1,"2026-06-25|026beab33acbb46d":1,"2026-06-25|60a00cc1d8e3981b":1,"2026-06-25|b36694e42093e2ce":1,"2026-06-25|652af9d99d84f4b7":1,"2026-06-24|9ca92d76a52f2e13":1,"2026-06-24|d9d62e30a4147842":1,"2026-06-24|89ca1e67a396c7ae":1,"2026-06-24|0e4fb1e17cb27ac4":1,"2026-06-24|4be39fc0c7e01658":1,"2026-06-23|b1d6dec01d2a1a14":1,"2026-06-23|68eca8be72654e99":1,"2026-06-23|23910d80f40371f2":1,"2026-06-23|6fddf0a7cbf4c980":1,"2026-06-22|7c8cad81106bc325":1,"2026-06-21|a539c0b65ccb6235":1,"2026-06-21|e992349d894d1211":1,"2026-06-21|8b197cf97fa46893":1,"2026-06-21|398798a07cbd604f":1,"2026-06-21|57d02e11e766f720":1,"2026-06-19|07dc1f0c7c9039c5":1,"2026-06-19|94ed85d0e1bc3de8":1,"2026-06-19|3538618f48067e3f":1,"2026-06-19|e4623109b0f73f06":1,"2026-06-19|5a0956b63263a5f9":1,"2026-06-18|b0728638f4f3936c":1,"2026-06-18|6b30ecb2851423c0":1,"2026-06-18|4934030c35e67811":1,"2026-06-18|fe15a7df8fd90679":1,"2026-06-18|39bfeb9938ec2eff":1}},"shapeRoi":{"small":{"fieldAvgRoiPct":-14.5,"shapes":{"5-2":{"winLift":1.255,"top10Lift":1.017,"cashLift":1.036,"winPct":0.023,"top10Pct":0.14,"cashPct":24.2,"roiPct":-8.6,"nEntries":12840,"wins":3,"top10":18,"cash":3106,"nContests":5},"4-3":{"winLift":1.647,"top10Lift":1.241,"cashLift":1.004,"winPct":0.051,"top10Pct":0.28,"cashPct":23.4,"roiPct":147.2,"nEntries":3914,"wins":2,"top10":11,"cash":915,"nContests":5},"5-3":{"winLift":1,"top10Lift":1.193,"cashLift":1.108,"winPct":0,"top10Pct":0.25,"cashPct":26.6,"roiPct":-26,"nEntries":4376,"wins":0,"top10":11,"cash":1165,"nContests":5},"3-3":{"winLift":1,"top10Lift":1,"cashLift":0.989,"winPct":0,"top10Pct":0,"cashPct":22.8,"roiPct":-59,"nEntries":2180,"wins":0,"top10":0,"cash":497,"nContests":5},"3-2":{"winLift":1,"top10Lift":0.98,"cashLift":0.96,"winPct":0,"top10Pct":0.02,"cashPct":21.9,"roiPct":-49.5,"nEntries":4509,"wins":0,"top10":1,"cash":989,"nContests":5},"5-1":{"winLift":1,"top10Lift":1.08,"cashLift":1.022,"winPct":0,"top10Pct":0.2,"cashPct":24,"roiPct":-5.2,"nEntries":4068,"wins":0,"top10":8,"cash":975,"nContests":5},"4-2":{"winLift":1,"top10Lift":0.968,"cashLift":0.911,"winPct":0,"top10Pct":0.04,"cashPct":20.3,"roiPct":-60.7,"nEntries":4686,"wins":0,"top10":2,"cash":952,"nContests":5},"4-4":{"winLift":1,"top10Lift":1.028,"cashLift":1.032,"winPct":0,"top10Pct":0.21,"cashPct":25.3,"roiPct":4.8,"nEntries":950,"wins":0,