{"schemaVersion":2,"sport":"mlb","generatedAt":"2026-07-01T15:47:05.864Z","raw":{"buckets":{"large":{"5-2":{"n":216227,"wins":27,"top10":202,"cash":51873,"pay":639669.578142119,"fee":681748,"nC":46},"4-1":{"n":19247,"wins":0,"top10":13,"cash":4013,"pay":42802.7090892382,"fee":64361.5,"nC":46},"5-3":{"n":115683,"wins":4,"top10":97,"cash":30112,"pay":373744.18295975256,"fee":405984,"nC":46},"5-1":{"n":80957,"wins":7,"top10":52,"cash":18954,"pay":385386.7524586897,"fee":280007,"nC":46},"4-2":{"n":47169,"wins":3,"top10":32,"cash":10834,"pay":156121.77910234302,"fee":169714.75,"nC":46},"4-4":{"n":18623,"wins":6,"top10":17,"cash":4561,"pay":86159.06653806157,"fee":80187.25,"nC":46},"3-2":{"n":38197,"wins":3,"top10":22,"cash":7964,"pay":109198.25494947206,"fee":148057.25,"nC":46},"4-3":{"n":47560,"wins":4,"top10":23,"cash":11370,"pay":97150.37756928794,"fee":176597.25,"nC":46},"3-3":{"n":18245,"wins":0,"top10":7,"cash":4053,"pay":37931.07379082382,"fee":74386.5,"nC":46},"3-1":{"n":13293,"wins":1,"top10":4,"cash":2389,"pay":18877.89059833232,"fee":45464,"nC":46},"2-x":{"n":67661,"wins":1,"top10":12,"cash":11720,"pay":97460.97179436256,"fee":241598,"nC":46},"scattered":{"n":10042,"wins":1,"top10":1,"cash":1231,"pay":8025.363007518797,"fee":35692.75,"nC":46}},"main":{"5-2":{"n":50346,"wins":2,"top10":42,"cash":11495,"pay":89136.07956271131,"fee":125517.5,"nC":13},"5-3":{"n":25278,"wins":2,"top10":22,"cash":6096,"pay":42350.4585757888,"fee":71316,"nC":13},"3-2":{"n":10094,"wins":4,"top10":12,"cash":2469,"pay":23550.709219694163,"fee":28902,"nC":13},"4-2":{"n":11670,"wins":2,"top10":8,"cash":2757,"pay":66295.20408090338,"fee":31451.5,"nC":13},"4-4":{"n":4150,"wins":0,"top10":6,"cash":948,"pay":9195.193941916388,"fee":13554.75,"nC":13},"5-1":{"n":17633,"wins":0,"top10":13,"cash":4187,"pay":25408.014205876752,"fee":46787.75,"nC":13},"3-1":{"n":2299,"wins":1,"top10":2,"cash":532,"pay":2840.142857142857,"fee":5979,"nC":13},"4-1":{"n":3868,"wins":1,"top10":3,"cash":963,"pay":10372.989262371615,"fee":9417.5,"nC":13},"2-x":{"n":12883,"wins":1,"top10":9,"cash":2733,"pay":48999.16311239475,"fee":36240.75,"nC":13},"4-3":{"n":10729,"wins":0,"top10":12,"cash":2475,"pay":29205.34150835293,"fee":32209.25,"nC":13},"3-3":{"n":4212,"wins":0,"top10":2,"cash":941,"pay":7435.8362159329145,"fee":13516.5,"nC":13},"scattered":{"n":796,"wins":0,"top10":0,"cash":149,"pay":875.7985175202157,"fee":1895.25,"nC":13}},"small":{"5-2":{"n":12840,"wins":3,"top10":18,"cash":3106,"pay":34684.081262732354,"fee":37956.75,"nC":5},"4-3":{"n":3914,"wins":2,"top10":11,"cash":915,"pay":33022.50346002037,"fee":13358.25,"nC":5},"5-3":{"n":4376,"wins":0,"top10":11,"cash":1165,"pay":11026.81744811561,"fee":14905,"nC":5},"3-3":{"n":2180,"wins":0,"top10":0,"cash":497,"pay":3721.1461277692897,"fee":9067.75,"nC":5},"3-2":{"n":4509,"wins":0,"top10":1,"cash":989,"pay":8301.951433982682,"fee":16453.25,"nC":5},"5-1":{"n":4068,"wins":0,"top10":8,"cash":975,"pay":16651.86639451235,"fee":17573.75,"nC":5},"4-2":{"n":4686,"wins":0,"top10":2,"cash":952,"pay":6899.19696969697,"fee":17552.75,"nC":5},"4-4":{"n":950,"wins":0,"top10":2,"cash":240,"pay":4124.450757575758,"fee":3936.75,"nC":5},"4-1":{"n":850,"wins":0,"top10":0,"cash":167,"pay":1263.4415584415585,"fee":3385.5,"nC":5},"2-x":{"n":2689,"wins":0,"top10":2,"cash":556,"pay":3839.9374442959,"fee":9640.75,"nC":5},"3-1":{"n":369,"wins":0,"top10":0,"cash":72,"pay":439.10714285714283,"fee":1245.5,"nC":5},"scattered":{"n":14,"wins":0,"top10":0,"cash":2,"pay":23.5,"fee":35,"nC":4}}},"global":{"5-2":{"n":279413,"wins":32,"top10":262,"cash":66474,"pay":763489.7389675601,"fee":845222.25,"nC":64},"4-1":{"n":23965,"wins":1,"top10":16,"cash":5143,"pay":54439.139910051366,"fee":77164.5,"nC":64},"5-3":{"n":145337,"wins":6,"top10":130,"cash":37373,"pay":427121.4589836566,"fee":492205,"nC":64},"5-1":{"n":102658,"wins":7,"top10":73,"cash":24116,"pay":427446.63305907894,"fee":344368.5,"nC":64},"4-2":{"n":63525,"wins":5,"top10":42,"cash":14543,"pay":229316.18015294298,"fee":218719,"nC":64},"4-4":{"n":23723,"wins":6,"top10":25,"cash":5749,"pay":99478.71123755378,"fee":97678.75,"nC":64},"3-2":{"n":52800,"wins":7,"top10":35,"cash":11422,"pay":141050.91560314895,"fee":193412.5,"nC":64},"4-3":{"n":62203,"wins":6,"top10":46,"cash":14760,"pay":159378.2225376613,"fee":222164.75,"nC":64},"3-3":{"n":24637,"wins":0,"top10":9,"cash":5491,"pay":49088.05613452604,"fee":96970.75,"nC":64},"3-1":{"n":15961,"wins":2,"top10":6,"cash":2993,"pay":22157.140598332317,"fee":52688.5,"nC":64},"2-x":{"n":83233,"wins":2,"top10":23,"cash":15009,"pay":150300.07235105342,"fee":287479.5,"nC":64},"scattered":{"n":10852,"wins":1,"top10":1,"cash":1382,"pay":8924.661525039013,"fee":37623,"nC":63}}},"shapeRoi":{"small":{"fieldAvgRoiPct":-14.5,"shapes":{"5-2":{"winLift":1.255,"top10Lift":1.017,"cashLift":1.036,"winPct":0.023,"top10Pct":0.14,"cashPct":24.2,"roiPct":-8.6,"nEntries":12840,"wins":3,"top10":18,"cash":3106,"nContests":5},"4-3":{"winLift":1.647,"top10Lift":1.241,"cashLift":1.004,"winPct":0.051,"top10Pct":0.28,"cashPct":23.4,"roiPct":147.2,"nEntries":3914,"wins":2,"top10":11,"cash":915,"nContests":5},"5-3":{"winLift":1,"top10Lift":1.193,"cashLift":1.108,"winPct":0,"top10Pct":0.25,"cashPct":26.6,"roiPct":-26,"nEntries":4376,"wins":0,"top10":11,"cash":1165,"nContests":5},"3-3":{"winLift":1,"top10Lift":1,"cashLift":0.989,"winPct":0,"top10Pct":0,"cashPct":22.8,"roiPct":-59,"nEntries":2180,"wins":0,"top10":0,"cash":497,"nContests":5},"3-2":{"winLift":1,"top10Lift":0.98,"cashLift":0.96,"winPct":0,"top10Pct":0.02,"cashPct":21.9,"roiPct":-49.5,"nEntries":4509,"wins":0,"top10":1,"cash":989,"nContests":5},"5-1":{"winLift":1,"top10Lift":1.08,"cashLift":1.022,"winPct":0,"top10Pct":0.2,"cashPct":24,"roiPct":-5.2,"nEntries":4068,"wins":0,"top10":8,"cash":975,"nContests":5},"4-2":{"winLift":1,"top10Lift":0.968,"cashLift":0.911,"winPct":0,"top10Pct":0.04,"cashPct":20.3,"roiPct":-60.7,"nEntries":4686,"wins":0,"top10":2,"cash":952,"nContests":5},"4-4":{"winLift":1,"top10Lift":1.028,"cashLift":1.032,"winPct":0,"top10Pct":0.21,"cashPct":25.3,"roiPct":4.8,"nEntries":950,"wins":0,"top10":2,"cash":240,"nContests":5},"4-1":{"winLift":1,"top10Lift":1,"cashLift":0.954,"winPct":0,"top10Pct":0,"cashPct":19.6,"roiPct":-62.7,"nEntries":850,"wins":0,"top10":0,"cash":167,"nContests":5},"2-x":{"winLift":1,"top10Lift":0.979,"cashLift":0.936,"winPct":0,"top10Pct":0.07,"cashPct":20.7,"roiPct":-60.2,"nEntries":2689,"wins":0,"top10":2,"cash":556,"nContests":5},"3-1":{"winLift":1,"top10Lift":1,"cashLift":0.975,"winPct":0,"top10Pct":0,"cashPct":19.5,"roiPct":-64.7,"nEntries":369,"wins":0,"top10":0,"cash":72,"nContests":5},"scattered":{"winLift":1,"top10Lift":1,"cashLift":0.998,"winPct":0,"top10Pct":0,"cashPct":14.3,"roiPct":-32.9,"nEntries":14,"wins":0,"top10":0,"cash":2,"nContests":4}}},"main":{"fieldAvgRoiPct":-14.7,"shapes":{"5-2":{"winLift":0.894,"top10Lift":0.99,"cashLift":0.984,"winPct":0.004,"top10Pct":0.08,"cashPct":22.8,"roiPct":-29,"nEntries":50346,"wins":2,"top10":42,"cash":11495,"nContests":13},"5-3":{"winLift":0.987,"top10Lift":1.008,"cashLift":1.036,"winPct":0.008,"top10Pct":0.09,"cashPct":24.1,"roiPct":-40.6,"nEntries":25278,"wins":2,"top10":22,"cash":6096,"nContests":13},"3-2":{"winLift":2.231,"top10Lift":1.092,"cashLift":1.046,"winPct":0.04,"top10Pct":0.12,"cashPct":24.5,"roiPct":-18.5,"nEntries":10094,"wins":4,"top10":12,"cash":2469,"nContests":13},"4-2":{"winLift":1.206,"top10Lift":0.968,"cashLift":1.015,"winPct":0.017,"top10Pct":0.07,"cashPct":23.6,"roiPct":110.8,"nEntries":11670,"wins":2,"top10":8,"cash":2757,"nContests":13},"4-4":{"winLift":1,"top10Lift":1.091,"cashLift":0.989,"winPct":0,"top10Pct":0.14,"cashPct":22.8,"roiPct":-32.2,"nEntries":4150,"wins":0,"top10":6,"cash":948,"nContests":13},"5-1":{"winLift":1,"top10Lift":0.967,"cashLift":1.021,"winPct":0,"top10Pct":0.07,"cashPct":23.7,"roiPct":-45.7,"nEntries":17633,"wins":0,"top10":13,"cash":4187,"nContests":13},"3-1":{"winLift":1.461,"top10Lift":1.001,"cashLift":0.998,