{"schemaVersion":2,"sport":"mlb","generatedAt":"2026-07-01T15:41:26.266Z","raw":{"buckets":{"large":{"5-2":{"n":109334,"wins":18,"top10":127,"cash":26196,"pay":418575.5333324248,"fee":323429.25,"nC":25},"4-1":{"n":9269,"wins":0,"top10":3,"cash":1803,"pay":13076.100258799175,"fee":31497.25,"nC":25},"5-3":{"n":59624,"wins":1,"top10":48,"cash":15790,"pay":140363.76005001614,"fee":186664,"nC":25},"5-1":{"n":40087,"wins":2,"top10":25,"cash":9329,"pay":142197.02889854755,"fee":137027.75,"nC":25},"4-2":{"n":23171,"wins":2,"top10":16,"cash":5249,"pay":44047.8411762967,"fee":79788.5,"nC":25},"4-4":{"n":9550,"wins":6,"top10":12,"cash":2456,"pay":64155.20751529401,"fee":38704.25,"nC":25},"3-2":{"n":18705,"wins":3,"top10":12,"cash":4213,"pay":40505.44709441492,"fee":72772.25,"nC":25},"4-3":{"n":23434,"wins":1,"top10":11,"cash":5593,"pay":45481.13986133765,"fee":84877.25,"nC":25},"3-3":{"n":8866,"wins":0,"top10":4,"cash":2094,"pay":19146.875185523488,"fee":35662.5,"nC":25},"3-1":{"n":6566,"wins":1,"top10":1,"cash":1249,"pay":9681.18816539541,"fee":24254.75,"nC":25},"2-x":{"n":34624,"wins":1,"top10":9,"cash":5919,"pay":57052.92545443011,"fee":129154.75,"nC":25},"scattered":{"n":6143,"wins":1,"top10":1,"cash":700,"pay":4909.953007518797,"fee":22501,"nC":25}},"main":{"5-2":{"n":32818,"wins":2,"top10":30,"cash":7428,"pay":35267.56655766078,"fee":55695,"nC":8},"5-3":{"n":17308,"wins":2,"top10":13,"cash":4085,"pay":18571.479409122123,"fee":29017.5,"nC":8},"3-2":{"n":6359,"wins":1,"top10":4,"cash":1694,"pay":9894.223108583054,"fee":13001.5,"nC":8},"4-2":{"n":7240,"wins":0,"top10":4,"cash":1597,"pay":8121.28097484277,"fee":13851.75,"nC":8},"4-4":{"n":2784,"wins":0,"top10":4,"cash":616,"pay":4631.193941916388,"fee":6301.25,"nC":8},"5-1":{"n":10121,"wins":0,"top10":7,"cash":2367,"pay":10362.415089715136,"fee":20047,"nC":8},"3-1":{"n":1337,"wins":1,"top10":2,"cash":314,"pay":1207.892857142857,"fee":2339.75,"nC":8},"4-1":{"n":2094,"wins":1,"top10":1,"cash":501,"pay":2475.4198179271707,"fee":3494.5,"nC":8},"2-x":{"n":7800,"wins":1,"top10":7,"cash":1843,"pay":40046.39543562707,"fee":15019.25,"nC":8},"4-3":{"n":6628,"wins":0,"top10":7,"cash":1474,"pay":18599.553629565038,"fee":14560.25,"nC":8},"3-3":{"n":2570,"wins":0,"top10":2,"cash":553,"pay":3534.2806603773583,"fee":5988.75,"nC":8},"scattered":{"n":446,"wins":0,"top10":0,"cash":105,"pay":287.7985175202156,"fee":599.75,"nC":8}}},"global":{"5-2":{"n":142152,"wins":20,"top10":157,"cash":33624,"pay":453843.09989008564,"fee":379124.25,"nC":33},"4-1":{"n":11363,"wins":1,"top10":4,"cash":2304,"pay":15551.520076726345,"fee":34991.75,"nC":33},"5-3":{"n":76932,"wins":3,"top10":61,"cash":19875,"pay":158935.23945913816,"fee":215681.5,"nC":33},"5-1":{"n":50208,"wins":2,"top10":32,"cash":11696,"pay":152559.44398826265,"fee":157074.75,"nC":33},"4-2":{"n":30411,"wins":2,"top10":20,"cash":6846,"pay":52169.122151139454,"fee":93640.25,"nC":33},"4-4":{"n":12334,"wins":6,"top10":16,"cash":3072,"pay":68786.40145721042,"fee":45005.5,"nC":33},"3-2":{"n":25064,"wins":4,"top10":16,"cash":5907,"pay":50399.670202997964,"fee":85773.75,"nC":33},"4-3":{"n":30062,"wins":1,"top10":18,"cash":7067,"pay":64080.69349090268,"fee":99437.5,"nC":33},"3-3":{"n":11436,"wins":0,"top10":6,"cash":2647,"pay":22681.155845900845,"fee":41651.25,"nC":33},"3-1":{"n":7903,"wins":2,"top10":3,"cash":1563,"pay":10889.081022538267,"fee":26594.5,"nC":33},"2-x":{"n":42424,"wins":2,"top10":16,"cash":7762,"pay":97099.3208900572,"fee":144174,"nC":33},"scattered":{"n":6589,"wins":1,"top10":1,"cash":805,"pay":5197.751525039012,"fee":23100.75,"nC":33}}},"shapeRoi":{"small":{"fieldAvgRoiPct":0,"shapes":{}},"main":{"fieldAvgRoiPct":-15,"shapes":{"5-2":{"winLift":0.949,"top10Lift":1.043,"cashLift":0.979,"winPct":0.006,"top10Pct":0.09,"cashPct":22.6,"roiPct":-36.7,"nEntries":32818,"wins":2,"top10":30,"cash":7428,"nContests":8},"5-3":{"winLift":1.082,"top10Lift":0.976,"cashLift":1.018,"winPct":0.012,"top10Pct":0.08,"cashPct":23.6,"roiPct":-36,"nEntries":17308,"wins":2,"top10":13,"cash":4085,"nContests":8},"3-2":{"winLift":1.102,"top10Lift":0.978,"cashLift":1.122,"winPct":0.016,"top10Pct":0.06,"cashPct":26.6,"roiPct":-23.9,"nEntries":6359,"wins":1,"top10":4,"cash":1694,"nContests":8},"4-2":{"winLift":1,"top10Lift":0.97,"cashLift":0.962,"winPct":0,"top10Pct":0.06,"cashPct":22.1,"roiPct":-41.4,"nEntries":7240,"wins":0,"top10":4,"cash":1597,"nContests":8},"4-4":{"winLift":1,"top10Lift":1.066,"cashLift":0.973,"winPct":0,"top10Pct":0.14,"cashPct":22.1,"roiPct":-26.5,"nEntries":2784,"wins":0,"top10":4,"cash":616,"nContests":8},"5-1":{"winLift":1,"top10Lift":0.975,"cashLift":1.009,"winPct":0,"top10Pct":0.07,"cashPct":23.4,"roiPct":-48.3,"nEntries":10121,"wins":0,"top10":7,"cash":2367,"nContests":8},"3-1":{"winLift":1.902,"top10Lift":1.038,"cashLift":1.006,"winPct":0.075,"top10Pct":0.15,"cashPct":23.5,"roiPct":-48.4,"nEntries":1337,"wins":1,"top10":2,"cash":314,"nContests":8},"4-1":{"winLift":1.536,"top10Lift":0.99,"cashLift":1.019,"winPct":0.048,"top10Pct":0.05,"cashPct":23.9,"roiPct":-29.2,"nEntries":2094,"wins":1,"top10":1,"cash":501,"nContests":8},"2-x":{"winLift":1.063,"top10Lift":1.012,"cashLift":1.017,"winPct":0.013,"top10Pct":0.09,"cashPct":23.6,"roiPct":166.6,"nEntries":7800,"wins":1,"top10":7,"cash":1843,"nContests":8},"4-3":{"winLift":1,"top10Lift":1.04,"cashLift":0.969,"winPct":0,"top10Pct":0.11,"cashPct":22.2,"roiPct":27.7,"nEntries":6628,"wins":0,"top10":7,"cash":1474,"nContests":8},"3-3":{"winLift":1,"top10Lift":0.997,"cashLift":0.959,"winPct":0,"top10Pct":0.08,"cashPct":21.5,"roiPct":-41,"nEntries":2570,"wins":0,"top10":2,"cash":553,"nContests":8},"scattered":{"winLift":1,"top10Lift":1,"cashLift":1.003,"winPct":0,"top10Pct":0,"cashPct":23.5,"roiPct":-52,"nEntries":446,"wins":0,"top10":0,"cash":105,"nContests":8}}},"large":{"fieldAvgRoiPct":-14.3,"shapes":{"5-2":{"winLift":1.414,"top10Lift":1.387,"cashLift":1.038,"winPct":0.016,"top10Pct":0.12,"cashPct":24,"roiPct":29.4,"nEntries":109334,"wins":18,"top10":127,"cash":26196,"nContests":25},"4-1":{"winLift":1,"top10Lift":0.96,"cashLift":0.872,"winPct":0,"top10Pct":0.03,"cashPct":19.5,"roiPct":-58.5,"nEntries":9269,"wins":0,"top10":3,"cash":1803,"nContests":25},"5-3":{"winLift":0.907,"top10Lift":1.025,"cashLift":1.144,"winPct":0.002,"top10Pct":0.08,"cashPct":26.5,"roiPct":-24.8,"nEntries":59624,"wins":1,"top10":48,"cash":15790,"nContests":25},"5-1":{"winLift":0.897,"top10Lift":0.927,"cashLift":1.009,"winPct":0.005,"top10Pct":0.06,"cashPct":23.3,"roiPct":3.8,"nEntries":40087,"wins":2,"top10":25,"cash":9329,"nContests":25},"4-2":{"winLift":0.968,"top10Lift":0.971,"cashLift":0.983,"winPct":0.009,"top10Pct":0.07,"cashPct":22.7,"roiPct":-44.8,"nEntries":23171,"wins":2,"top10":16,"cash":5249,"nContests":25},"4-4":{"winLift":3,"top10Lift":1.146,"cashLift":1.099,"winPct":0.063,"top10Pct":0.13,"cashPct":25.7,"roiPct":65.8,"nEntries":9550,"wins":6,"top10":12,"cash":2456,"nContests":25},"3-2":{"winLift":1.152,"top10Lift":0.962,"cashLift":0.978,"winPct":0.016,"top10Pct":0.06,"cashPct":22.5,"roiPct":-44.3,"nEntries":18705,"wins":3,"top10":12,"cash":4213,"nContests":25},"4-3":{"winLift":0.935,"top10Lift":0.916,"cashLift":1.032,"winPct":0.004,"top10Pct":0.05,"cashPct":23.9,"roiPct":-46.4,"nEntries":23434,"wins":1,"top10":11,"cash":5593,"nContests":25},"3-3":{"winLift":1,"top10Lift":0.962,"cashLift":1.02,"winPct":0,"top10Pct":0.05,"cashPct":23.6,"roiPct":-46.3,"nEntries":8866,"wins":0,"top10":4,"cash":2094,"nContests":25},"3-1":{"winLift":1.053,"top10Lift":0.98,"cashLift":0.867,"winPct":0.015,"top10Pct":0.02,"cashPct":19,"roiPct":-60.1,"nEntries":6566,"wins":1,"top10":1,"cash":1249,"nContests":25},"2-x":{"winLift":0.92,"top10Lift":0.878,"cashLift":0.757,"winPct":0.003,"top10Pct":0.03,"cashPct":17.1,"roiPct":-55.8,"nEntries":34624,"wins":1,"top10":9,"cash":5919,"nContests":25},"scattered":{"winLift":1.064,"top10Lift":0.981,"cashLift":0.678,"winPct":0.016,"top10Pct":0.02,"cashPct":11.4,"roiPct":-78.2,"nEntries":6143,"wins":1,"top10":1,"cash":700,