{"schemaVersion":2,"sport":"mlb","generatedAt":"2026-07-01T15:54:34.852Z","raw":{"buckets":{"large":{"5-2":{"n":216227,"wins":27,"top10":202,"cash":51873,"pay":639669.578142119,"fee":681748,"nC":46},"4-1":{"n":19247,"wins":0,"top10":13,"cash":4013,"pay":42802.7090892382,"fee":64361.5,"nC":46},"5-3":{"n":115683,"wins":4,"top10":97,"cash":30112,"pay":373744.18295975256,"fee":405984,"nC":46},"5-1":{"n":80957,"wins":7,"top10":52,"cash":18954,"pay":385386.7524586897,"fee":280007,"nC":46},"4-2":{"n":47169,"wins":3,"top10":32,"cash":10834,"pay":156121.77910234302,"fee":169714.75,"nC":46},"4-4":{"n":18623,"wins":6,"top10":17,"cash":4561,"pay":86159.06653806157,"fee":80187.25,"nC":46},"3-2":{"n":38197,"wins":3,"top10":22,"cash":7964,"pay":109198.25494947206,"fee":148057.25,"nC":46},"4-3":{"n":47560,"wins":4,"top10":23,"cash":11370,"pay":97150.37756928794,"fee":176597.25,"nC":46},"3-3":{"n":18245,"wins":0,"top10":7,"cash":4053,"pay":37931.07379082382,"fee":74386.5,"nC":46},"3-1":{"n":13293,"wins":1,"top10":4,"cash":2389,"pay":18877.89059833232,"fee":45464,"nC":46},"2-x":{"n":67661,"wins":1,"top10":12,"cash":11720,"pay":97460.97179436256,"fee":241598,"nC":46},"scattered":{"n":10042,"wins":1,"top10":1,"cash":1231,"pay":8025.363007518797,"fee":35692.75,"nC":46}},"main":{"5-2":{"n":54230,"wins":3,"top10":48,"cash":12410,"pay":174044.6231524549,"fee":164744.5,"nC":15},"5-3":{"n":27491,"wins":3,"top10":29,"cash":6689,"pay":62663.38037066059,"fee":95255,"nC":15},"3-2":{"n":11350,"wins":4,"top10":12,"cash":2709,"pay":27106.709219694163,"fee":40766,"nC":15},"4-2":{"n":13019,"wins":2,"top10":10,"cash":3094,"pay":74269.45408090338,"fee":44054.5,"nC":15},"4-4":{"n":4616,"wins":0,"top10":6,"cash":1068,"pay":12135.127275249723,"fee":18984.75,"nC":15},"5-1":{"n":19810,"wins":0,"top10":15,"cash":4697,"pay":36136.96420587675,"fee":68752.75,"nC":15},"3-1":{"n":2631,"wins":1,"top10":2,"cash":588,"pay":3751.142857142857,"fee":8708,"nC":15},"4-1":{"n":4357,"wins":1,"top10":4,"cash":1098,"pay":12884.822595704949,"fee":14054.5,"nC":15},"2-x":{"n":14486,"wins":1,"top10":9,"cash":3012,"pay":53682.028497010135,"fee":50712.75,"nC":15},"4-3":{"n":11969,"wins":0,"top10":14,"cash":2772,"pay":35157.92484168626,"fee":44091.25,"nC":15},"3-3":{"n":4768,"wins":0,"top10":2,"cash":1078,"pay":8998.9516005483,"fee":18985.5,"nC":15},"scattered":{"n":919,"wins":0,"top10":0,"cash":169,"pay":1148.2985175202157,"fee":2936.25,"nC":15}},"small":{"5-2":{"n":12840,"wins":3,"top10":18,"cash":3106,"pay":34684.081262732354,"fee":37956.75,"nC":5},"4-3":{"n":3914,"wins":2,"top10":11,"cash":915,"pay":33022.50346002037,"fee":13358.25,"nC":5},"5-3":{"n":4376,"wins":0,"top10":11,"cash":1165,"pay":11026.81744811561,"fee":14905,"nC":5},"3-3":{"n":2180,"wins":0,"top10":0,"cash":497,"pay":3721.1461277692897,"fee":9067.75,"nC":5},"3-2":{"n":4509,"wins":0,"top10":1,"cash":989,"pay":8301.951433982682,"fee":16453.25,"nC":5},"5-1":{"n":4068,"wins":0,"top10":8,"cash":975,"pay":16651.86639451235,"fee":17573.75,"nC":5},"4-2":{"n":4686,"wins":0,"top10":2,"cash":952,"pay":6899.19696969697,"fee":17552.75,"nC":5},"4-4":{"n":950,"wins":0,"top10":2,"cash":240,"pay":4124.450757575758,"fee":3936.75,"nC":5},"4-1":{"n":850,"wins":0,"top10":0,"cash":167,"pay":1263.4415584415585,"fee":3385.5,"nC":5},"2-x":{"n":2689,"wins":0,"top10":2,"cash":556,"pay":3839.9374442959,"fee":9640.75,"nC":5},"3-1":{"n":369,"wins":0,"top10":0,"cash":72,"pay":439.10714285714283,"fee":1245.5,"nC":5},"scattered":{"n":14,"wins":0,"top10":0,"cash":2,"pay":23.5,"fee":35,"nC":4}}},"global":{"5-2":{"n":283297,"wins":33,"top10":268,"cash":67389,"pay":848398.2825573038,"fee":884449.25,"nC":66},"4-1":{"n":24454,"wins":1,"top10":17,"cash":5278,"pay":56950.9732433847,"fee":81801.5,"nC":66},"5-3":{"n":147550,"wins":7,"top10":137,"cash":37966,"pay":447434.3807785283,"fee":516144,"nC":66},"5-1":{"n":104835,"wins":7,"top10":75,"cash":24626,"pay":438175.5830590789,"fee":366333.5,"nC":66},"4-2":{"n":64874,"wins":5,"top10":44,"cash":14880,"pay":237290.43015294298,"fee":231322,"nC":66},"4-4":{"n":24189,"wins":6,"top10":25,"cash":5869,"pay":102418.64457088712,"fee":103108.75,"nC":66},"3-2":{"n":54056,"wins":7,"top10":35,"cash":11662,"pay":144606.91560314895,"fee":205276.5,"nC":66},"4-3":{"n":63443,"wins":6,"top10":48,"cash":15057,"pay":165330.80587099463,"fee":234046.75,"nC":66},"3-3":{"n":25193,"wins":0,"top10":9,"cash":5628,"pay":50651.171519141426,"fee":102439.75,"nC":66},"3-1":{"n":16293,"wins":2,"top10":6,"cash":3049,"pay":23068.140598332317,"fee":55417.5,"nC":66},"2-x":{"n":84836,"wins":2,"top10":23,"cash":15288,"pay":154982.93773566882,"fee":301951.5,"nC":66},"scattered":{"n":10975,"wins":1,"top10":1,"cash":1402,"pay":9197.161525039013,"fee":38664,"nC":65}}},"shapeRoi":{"small":{"fieldAvgRoiPct":-14.5,"shapes":{"5-2":{"winLift":1.255,"top10Lift":1.017,"cashLift":1.036,"winPct":0.023,"top10Pct":0.14,"cashPct":24.2,"roiPct":-8.6,"nEntries":12840,"wins":3,"top10":18,"cash":3106,"nContests":5},"4-3":{"winLift":1.647,"top10Lift":1.241,"cashLift":1.004,"winPct":0.051,"top10Pct":0.28,"cashPct":23.4,"roiPct":147.2,"nEntries":3914,"wins":2,"top10":11,"cash":915,"nContests":5},"5-3":{"winLift":1,"top10Lift":1.193,"cashLift":1.108,"winPct":0,"top10Pct":0.25,"cashPct":26.6,"roiPct":-26,"nEntries":4376,"wins":0,"top10":11,"cash":1165,"nContests":5},"3-3":{"winLift":1,"top10Lift":1,"cashLift":0.989,"winPct":0,"top10Pct":0,"cashPct":22.8,"roiPct":-59,"nEntries":2180,"wins":0,"top10":0,"cash":497,"nContests":5},"3-2":{"winLift":1,"top10Lift":0.98,"cashLift":0.96,"winPct":0,"top10Pct":0.02,"cashPct":21.9,"roiPct":-49.5,"nEntries":4509,"wins":0,"top10":1,"cash":989,"nContests":5},"5-1":{"winLift":1,"top10Lift":1.08,"cashLift":1.022,"winPct":0,"top10Pct":0.2,"cashPct":24,"roiPct":-5.2,"nEntries":4068,"wins":0,"top10":8,"cash":975,"nContests":5},"4-2":{"winLift":1,"top10Lift":0.968,"cashLift":0.911,"winPct":0,"top10Pct":0.04,"cashPct":20.3,"roiPct":-60.7,"nEntries":4686,"wins":0,"top10":2,"cash":952,"nContests":5},"4-4":{"winLift":1,"top10Lift":1.028,"cashLift":1.032,"winPct":0,"top10Pct":0.21,"cashPct":25.3,"roiPct":4.8,"nEntries":950,"wins":0,"top10":2,"cash":240,"nContests":5},"4-1":{"winLift":1,"top10Lift":1,"cashLift":0.954,"winPct":0,"top10Pct":0,"cashPct":19.6,"roiPct":-62.7,"nEntries":850,"wins":0,"top10":0,"cash":167,"nContests":5},"2-x":{"winLift":1,"top10Lift":0.979,"cashLift":0.936,"winPct":0,"top10Pct":0.07,"cashPct":20.7,"roiPct":-60.2,"nEntries":2689,"wins":0,"top10":2,"cash":556,"nContests":5},"3-1":{"winLift":1,"top10Lift":1,"cashLift":0.975,"winPct":0,"top10Pct":0,"cashPct":19.5,"roiPct":-64.7,"nEntries":369,"wins":0,"top10":0,"cash":72,"nContests":5},"scattered":{"winLift":1,"top10Lift":1,"cashLift":0.998,"winPct":0,"top10Pct":0,"cashPct":14.3,"roiPct":-32.9,"nEntries":14,"wins":0,"top10":0,"cash":2,"nContests":4}}},"main":{"fieldAvgRoiPct":-12.2,"shapes":{"5-2":{"winLift":0.898,"top10Lift":0.997,"cashLift":0.986,"winPct":0.006,"top10Pct":0.09,"cashPct":22.9,"roiPct":5.6,"nEntries":54230,"wins":3,"top10":48,"cash":12410,"nContests":15},"5-3":{"winLift":1.064,"top10Lift":1.078,"cashLift":1.045,"winPct":0.011,"top10Pct":0.11,"cashPct":24.3,"roiPct":-34.2,"nEntries":27491,"wins":3,"top10":29,"cash":6689,"nContests":15},"3-2":{"winLift":1.995,"top10Lift":1.043,"cashLift":1.024,"winPct":0.035,"top10Pct":0.11,"cashPct":23.9,"roiPct":-33.5,"nEntries":11350,"wins":4,"top10":12,"cash":2709,"nContests":15},"4-2":{"winLift":1.147,"top10Lift":0.973,"cashLift":1.021,"winPct":0.015,"top10Pct":0.08,"cashPct":23.8,"roiPct":68.6,"nEntries":13019,"wins":2,"top10":10,"cash":3094,"nContests":15},"4-4":{"winLift":1,"top10Lift":1.06,"cashLift":0.998,"winPct":0,"top10Pct":0.13,"cashPct":23.1,"roiPct":-36.1,"nEntries":4616,"wins":0,"top10":6,"cash":1068,"nContests":15},"5-1":{"winLift":1,"top10Lift":0.959,"cashLift":1.02,"winPct":0,"top10Pct":0.08,"cashPct":23.7,"roiPct":-47.4,"nEntries":19810,"wins":0,"top10":15,"cash":4697,"nContests":15},"3-1":{"winLift":1.367,"top10Lift":0.993,"cashLift":0.978,