{"schemaVersion":2,"sport":"mlb","generatedAt":"2026-07-01T15:43:27.263Z","raw":{"buckets":{"large":{"5-2":{"n":186316,"wins":25,"top10":183,"cash":44362,"pay":565013.7736047325,"fee":559106.5,"nC":38},"4-1":{"n":16126,"wins":0,"top10":9,"cash":3459,"pay":32948.31686701598,"fee":51659.25,"nC":38},"5-3":{"n":99137,"wins":3,"top10":67,"cash":25647,"pay":290697.7407630017,"fee":333056.5,"nC":38},"5-1":{"n":68808,"wins":4,"top10":41,"cash":16087,"pay":301480.9453912478,"fee":229820,"nC":38},"4-2":{"n":39799,"wins":2,"top10":30,"cash":9276,"pay":92381.80208479913,"fee":136511,"nC":38},"4-4":{"n":16224,"wins":6,"top10":16,"cash":3955,"pay":78445.60142527962,"fee":66655,"nC":38},"3-2":{"n":32246,"wins":3,"top10":18,"cash":6885,"pay":99622.52793192821,"fee":121915.5,"nC":38},"4-3":{"n":40694,"wins":3,"top10":17,"cash":9795,"pay":81209.97201373242,"fee":144491.25,"nC":38},"3-3":{"n":15528,"wins":0,"top10":4,"cash":3482,"pay":30498.82379082382,"fee":60081,"nC":38},"3-1":{"n":10885,"wins":1,"top10":4,"cash":2031,"pay":16803.470598332326,"fee":37454,"nC":38},"2-x":{"n":57219,"wins":1,"top10":11,"cash":10044,"pay":85927.66252158824,"fee":198605,"nC":38},"scattered":{"n":8515,"wins":1,"top10":1,"cash":1061,"pay":6997.363007518797,"fee":29805.75,"nC":38}},"main":{"5-2":{"n":37343,"wins":2,"top10":38,"cash":8468,"pay":81801.84433543854,"fee":115361,"nC":10},"5-3":{"n":20230,"wins":2,"top10":17,"cash":4746,"pay":37233.75718689991,"fee":66549.5,"nC":10},"3-2":{"n":7447,"wins":2,"top10":8,"cash":1956,"pay":18396.056441916386,"fee":25935.5,"nC":10},"4-2":{"n":8369,"wins":1,"top10":5,"cash":1801,"pay":63278.614308176104,"fee":28293.75,"nC":10},"4-4":{"n":3295,"wins":0,"top10":4,"cash":725,"pay":7452.193941916388,"fee":12727.25,"nC":10},"5-1":{"n":11813,"wins":0,"top10":9,"cash":2760,"pay":21855.80397860402,"fee":41683,"nC":10},"3-1":{"n":1579,"wins":1,"top10":2,"cash":378,"pay":2456.892857142857,"fee":5211.75,"nC":10},"4-1":{"n":2483,"wins":1,"top10":2,"cash":575,"pay":9300.753151260504,"fee":8158.5,"nC":10},"2-x":{"n":9269,"wins":1,"top10":7,"cash":2157,"pay":47512.28432451596,"fee":32697.25,"nC":10},"4-3":{"n":7791,"wins":0,"top10":8,"cash":1723,"pay":26160.33140734282,"fee":29474.25,"nC":10},"3-3":{"n":3077,"wins":0,"top10":2,"cash":668,"pay":6739.1695492662475,"fee":12300.75,"nC":10},"scattered":{"n":544,"wins":0,"top10":0,"cash":122,"pay":811.7985175202157,"fee":1635.75,"nC":10}}},"global":{"5-2":{"n":223659,"wins":27,"top10":221,"cash":52830,"pay":646815.6179401684,"fee":674467.5,"nC":48},"4-1":{"n":18609,"wins":1,"top10":11,"cash":4034,"pay":42249.07001827647,"fee":59817.75,"nC":48},"5-3":{"n":119367,"wins":5,"top10":84,"cash":30393,"pay":327931.4979499013,"fee":399606,"nC":48},"5-1":{"n":80621,"wins":4,"top10":50,"cash":18847,"pay":323336.7493698518,"fee":271503,"nC":48},"4-2":{"n":48168,"wins":3,"top10":35,"cash":11077,"pay":155660.41639297493,"fee":164804.75,"nC":48},"4-4":{"n":19519,"wins":6,"top10":20,"cash":4680,"pay":85897.79536719604,"fee":79382.25,"nC":48},"3-2":{"n":39693,"wins":5,"top10":26,"cash":8841,"pay":118018.58437384458,"fee":147851,"nC":48},"4-3":{"n":48485,"wins":3,"top10":25,"cash":11518,"pay":107370.30342107527,"fee":173965.5,"nC":48},"3-3":{"n":18605,"wins":0,"top10":6,"cash":4150,"pay":37237.99334009008,"fee":72381.75,"nC":48},"3-1":{"n":12464,"wins":2,"top10":6,"cash":2409,"pay":19260.36345547518,"fee":42665.75,"nC":48},"2-x":{"n":66488,"wins":2,"top10":18,"cash":12201,"pay":133439.94684610429,"fee":231302.25,"nC":48},"scattered":{"n":9059,"wins":1,"top10":1,"cash":1183,"pay":7809.161525039012,"fee":31441.5,"nC":48}}},"shapeRoi":{"small":{"fieldAvgRoiPct":0,"shapes":{}},"main":{"fieldAvgRoiPct":-15,"shapes":{"5-2":{"winLift":0.921,"top10Lift":1.063,"cashLift":0.985,"winPct":0.005,"top10Pct":0.1,"cashPct":22.7,"roiPct":-29.1,"nEntries":37343,"wins":2,"top10":38,"cash":8468,"nContests":10},"5-3":{"winLift":1.024,"top10Lift":0.98,"cashLift":1.017,"winPct":0.01,"top10Pct":0.08,"cashPct":23.5,"roiPct":-44.1,"nEntries":20230,"wins":2,"top10":17,"cash":4746,"nContests":10},"3-2":{"winLift":1.408,"top10Lift":1.032,"cashLift":1.117,"winPct":0.027,"top10Pct":0.11,"cashPct":26.3,"roiPct":-29.1,"nEntries":7447,"wins":2,"top10":8,"cash":1956,"nContests":10},"4-2":{"winLift":1.039,"top10Lift":0.963,"cashLift":0.946,"winPct":0.012,"top10Pct":0.06,"cashPct":21.5,"roiPct":123.6,"nEntries":8369,"wins":1,"top10":5,"cash":1801,"nContests":10},"4-4":{"winLift":1,"top10Lift":1.032,"cashLift":0.971,"winPct":0,"top10Pct":0.12,"cashPct":22,"roiPct":-41.4,"nEntries":3295,"wins":0,"top10":4,"cash":725,"nContests":10},"5-1":{"winLift":1,"top10Lift":0.972,"cashLift":1.013,"winPct":0,"top10Pct":0.08,"cashPct":23.4,"roiPct":-47.6,"nEntries":11813,"wins":0,"top10":9,"cash":2760,"nContests":10},"3-1":{"winLift":1.686,"top10Lift":1.019,"cashLift":1.019,"winPct":0.063,"top10Pct":0.13,"cashPct":23.9,"roiPct":-52.9,"nEntries":1579,"wins":1,"top10":2,"cash":378,"nContests":10},"4-1":{"winLift":1.396,"top10Lift":0.995,"cashLift":1.003,"winPct":0.04,"top10Pct":0.08,"cashPct":23.2,"roiPct":14,"nEntries":2483,"wins":1,"top10":2,"cash":575,"nContests":10},"2-x":{"winLift":1.025,"top10Lift":0.976,"cashLift":1.009,"winPct":0.011,"top10Pct":0.08,"cashPct":23.3,"roiPct":45.3,"nEntries":9269,"wins":1,"top10":7,"cash":2157,"nContests":10},"4-3":{"winLift":1,"top10Lift":1.023,"cashLift":0.968,"winPct":0,"top10Pct":0.1,"cashPct":22.1,"roiPct":-11.2,"nEntries":7791,"wins":0,"top10":8,"cash":1723,"nContests":10},"3-3":{"winLift":1,"top10Lift":0.987,"cashLift":0.964,"winPct":0,"top10Pct":0.06,"cashPct":21.7,"roiPct":-45.2,"nEntries":3077,"wins":0,"top10":2,"cash":668,"nContests":10},"scattered":{"winLift":1,"top10Lift":1,"cashLift":0.994,"winPct":0,"top10Pct":0,"cashPct":22.4,"roiPct":-50.4,"nEntries":544,"wins":0,"top10":0,"cash":122,"nContests":10}}},"large":{"fieldAvgRoiPct":-14.6,"shapes":{"5-2":{"winLift":1.47,"top10Lift":1.368,"cashLift":1.035,"winPct":0.013,"top10Pct":0.1,"cashPct":23.8,"roiPct":1.1,"nEntries":186316,"wins":25,"top10":183,"cash":44362,"nContests":38},"4-1":{"winLift":1,"top10Lift":0.968,"cashLift":0.939,"winPct":0,"top10Pct":0.06,"cashPct":21.4,"roiPct":-36.2,"nEntries":16126,"wins":0,"top10":9,"cash":3459,"nContests":38},"5-3":{"winLift":0.827,"top10Lift":0.998,"cashLift":1.123,"winPct":0.003,"top10Pct":0.07,"cashPct":25.9,"roiPct":-12.7,"nEntries":99137,"wins":3,"top10":67,"cash":25647,"nContests":38},"5-1":{"winLift":0.901,"top10Lift":0.939,"cashLift":1.016,"winPct":0.006,"top10Pct":0.06,"cashPct":23.4,"roiPct":31.2,"nEntries":68808,"wins":4,"top10":41,"cash":16087,"nContests":38},"4-2":{"winLift":0.921,"top10Lift":1.048,"cashLift":1.013,"winPct":0.005,"top10Pct":0.08,"cashPct":23.3,"roiPct":-32.3,"nEntries":39799,"wins":2,"top10":30,"cash":9276,"nContests":38},"4-4":{"winLift":2.485,"top10Lift":1.13,"cashLift":1.054,"winPct":0.037,"top10Pct":0.1,"cashPct":24.4,"roiPct":17.7,"nEntries":16224,"wins":6,"top10":16,"cash":3955,"nContests":38},"3-2":{"winLift":1.034,"top10Lift":0.945,"cashLift":0.932,"winPct":0.009,"top10Pct":0.06,"cashPct":21.4,"roiPct":-18.3,"nEntries":32246,"wins":3,"top10":18,"cash":6885,"nContests":38},"4-3":{"winLift":0.97,"top10Lift":0.886,"cashLift":1.044,"winPct":0.007,"top10Pct":0.04,"cashPct":24.1,"roiPct":-43.8,"nEntries":40694,"wins":3,"top10":17,"cash":9795,"nContests":38},"3-3":{"winLift":1,"top10Lift":0.944,"cashLift":0.977,"winPct":0,"top10Pct":0.03,"cashPct":22.4,"roiPct":-49.2,"nEntries":15528,"wins":0,"top10":4,"cash":3482,"nContests":38},"3-1":{"winLift":1.012,"top10Lift":0.958,"cashLift":0.842,"winPct":0.009,"top10Pct":0.04,"cashPct":18.7,"roiPct":-55.1,"nEntries":10885,"wins":1,"top10":4,"cash":2031,"nContests":38},"2-x":{"winLift":0.912,"top10Lift":0.845,"cashLift":0.772,"winPct":0.002,"top10Pct":0.02,"cashPct":17.6,"roiPct":-56.7,"nEntries":57219,"wins":1,"top10":11,"cash":10044,"nContests":38},"scattered":{"winLift":1.046,"top10Lift":0.98,"cashLift":0.667,"winPct":0.012,"top10Pct":0.01,"cashPct":12.5,"roiPct":-76.5,