{"schemaVersion":2,"sport":"mlb","generatedAt":"2026-07-01T15:45:58.499Z","raw":{"buckets":{"large":{"5-2":{"n":216227,"wins":27,"top10":202,"cash":51873,"pay":639669.578142119,"fee":681748,"nC":46},"4-1":{"n":19247,"wins":0,"top10":13,"cash":4013,"pay":42802.7090892382,"fee":64361.5,"nC":46},"5-3":{"n":115683,"wins":4,"top10":97,"cash":30112,"pay":373744.18295975256,"fee":405984,"nC":46},"5-1":{"n":80957,"wins":7,"top10":52,"cash":18954,"pay":385386.7524586897,"fee":280007,"nC":46},"4-2":{"n":47169,"wins":3,"top10":32,"cash":10834,"pay":156121.77910234302,"fee":169714.75,"nC":46},"4-4":{"n":18623,"wins":6,"top10":17,"cash":4561,"pay":86159.06653806157,"fee":80187.25,"nC":46},"3-2":{"n":38197,"wins":3,"top10":22,"cash":7964,"pay":109198.25494947206,"fee":148057.25,"nC":46},"4-3":{"n":47560,"wins":4,"top10":23,"cash":11370,"pay":97150.37756928794,"fee":176597.25,"nC":46},"3-3":{"n":18245,"wins":0,"top10":7,"cash":4053,"pay":37931.07379082382,"fee":74386.5,"nC":46},"3-1":{"n":13293,"wins":1,"top10":4,"cash":2389,"pay":18877.89059833232,"fee":45464,"nC":46},"2-x":{"n":67661,"wins":1,"top10":12,"cash":11720,"pay":97460.97179436256,"fee":241598,"nC":46},"scattered":{"n":10042,"wins":1,"top10":1,"cash":1231,"pay":8025.363007518797,"fee":35692.75,"nC":46}},"main":{"5-2":{"n":37343,"wins":2,"top10":38,"cash":8468,"pay":81801.84433543854,"fee":115361,"nC":10},"5-3":{"n":20230,"wins":2,"top10":17,"cash":4746,"pay":37233.75718689991,"fee":66549.5,"nC":10},"3-2":{"n":7447,"wins":2,"top10":8,"cash":1956,"pay":18396.056441916386,"fee":25935.5,"nC":10},"4-2":{"n":8369,"wins":1,"top10":5,"cash":1801,"pay":63278.614308176104,"fee":28293.75,"nC":10},"4-4":{"n":3295,"wins":0,"top10":4,"cash":725,"pay":7452.193941916388,"fee":12727.25,"nC":10},"5-1":{"n":11813,"wins":0,"top10":9,"cash":2760,"pay":21855.80397860402,"fee":41683,"nC":10},"3-1":{"n":1579,"wins":1,"top10":2,"cash":378,"pay":2456.892857142857,"fee":5211.75,"nC":10},"4-1":{"n":2483,"wins":1,"top10":2,"cash":575,"pay":9300.753151260504,"fee":8158.5,"nC":10},"2-x":{"n":9269,"wins":1,"top10":7,"cash":2157,"pay":47512.28432451596,"fee":32697.25,"nC":10},"4-3":{"n":7791,"wins":0,"top10":8,"cash":1723,"pay":26160.33140734282,"fee":29474.25,"nC":10},"3-3":{"n":3077,"wins":0,"top10":2,"cash":668,"pay":6739.1695492662475,"fee":12300.75,"nC":10},"scattered":{"n":544,"wins":0,"top10":0,"cash":122,"pay":811.7985175202157,"fee":1635.75,"nC":10}},"small":{"5-2":{"n":12840,"wins":3,"top10":18,"cash":3106,"pay":34684.081262732354,"fee":37956.75,"nC":5},"4-3":{"n":3914,"wins":2,"top10":11,"cash":915,"pay":33022.50346002037,"fee":13358.25,"nC":5},"5-3":{"n":4376,"wins":0,"top10":11,"cash":1165,"pay":11026.81744811561,"fee":14905,"nC":5},"3-3":{"n":2180,"wins":0,"top10":0,"cash":497,"pay":3721.1461277692897,"fee":9067.75,"nC":5},"3-2":{"n":4509,"wins":0,"top10":1,"cash":989,"pay":8301.951433982682,"fee":16453.25,"nC":5},"5-1":{"n":4068,"wins":0,"top10":8,"cash":975,"pay":16651.86639451235,"fee":17573.75,"nC":5},"4-2":{"n":4686,"wins":0,"top10":2,"cash":952,"pay":6899.19696969697,"fee":17552.75,"nC":5},"4-4":{"n":950,"wins":0,"top10":2,"cash":240,"pay":4124.450757575758,"fee":3936.75,"nC":5},"4-1":{"n":850,"wins":0,"top10":0,"cash":167,"pay":1263.4415584415585,"fee":3385.5,"nC":5},"2-x":{"n":2689,"wins":0,"top10":2,"cash":556,"pay":3839.9374442959,"fee":9640.75,"nC":5},"3-1":{"n":369,"wins":0,"top10":0,"cash":72,"pay":439.10714285714283,"fee":1245.5,"nC":5},"scattered":{"n":14,"wins":0,"top10":0,"cash":2,"pay":23.5,"fee":35,"nC":4}}},"global":{"5-2":{"n":266410,"wins":32,"top10":258,"cash":63447,"pay":756155.5037402877,"fee":835065.75,"nC":61},"4-1":{"n":22580,"wins":1,"top10":15,"cash":4755,"pay":53366.90379894025,"fee":75905.5,"nC":61},"5-3":{"n":140289,"wins":6,"top10":125,"cash":36023,"pay":422004.7575947677,"fee":487438.5,"nC":61},"5-1":{"n":96838,"wins":7,"top10":69,"cash":22689,"pay":423894.4228318062,"fee":339263.75,"nC":61},"4-2":{"n":60224,"wins":4,"top10":39,"cash":13587,"pay":226299.59038021573,"fee":215561.25,"nC":61},"4-4":{"n":22868,"wins":6,"top10":23,"cash":5526,"pay":97735.71123755378,"fee":96851.25,"nC":61},"3-2":{"n":50153,"wins":5,"top10":31,"cash":10909,"pay":135896.26282537117,"fee":190446,"nC":61},"4-3":{"n":59265,"wins":6,"top10":42,"cash":14008,"pay":156333.21243665117,"fee":219429.75,"nC":61},"3-3":{"n":23502,"wins":0,"top10":9,"cash":5218,"pay":48391.38946785938,"fee":95755,"nC":61},"3-1":{"n":15241,"wins":2,"top10":6,"cash":2839,"pay":21773.890598332317,"fee":51921.25,"nC":61},"2-x":{"n":79619,"wins":2,"top10":21,"cash":14433,"pay":148813.19356317463,"fee":283936,"nC":61},"scattered":{"n":10600,"wins":1,"top10":1,"cash":1355,"pay":8860.661525039013,"fee":37363.5,"nC":60}}},"shapeRoi":{"small":{"fieldAvgRoiPct":-14.5,"shapes":{"5-2":{"winLift":1.255,"top10Lift":1.017,"cashLift":1.036,"winPct":0.023,"top10Pct":0.14,"cashPct":24.2,"roiPct":-8.6,"nEntries":12840,"wins":3,"top10":18,"cash":3106,"nContests":5},"4-3":{"winLift":1.647,"top10Lift":1.241,"cashLift":1.004,"winPct":0.051,"top10Pct":0.28,"cashPct":23.4,"roiPct":147.2,"nEntries":3914,"wins":2,"top10":11,"cash":915,"nContests":5},"5-3":{"winLift":1,"top10Lift":1.193,"cashLift":1.108,"winPct":0,"top10Pct":0.25,"cashPct":26.6,"roiPct":-26,"nEntries":4376,"wins":0,"top10":11,"cash":1165,"nContests":5},"3-3":{"winLift":1,"top10Lift":1,"cashLift":0.989,"winPct":0,"top10Pct":0,"cashPct":22.8,"roiPct":-59,"nEntries":2180,"wins":0,"top10":0,"cash":497,"nContests":5},"3-2":{"winLift":1,"top10Lift":0.98,"cashLift":0.96,"winPct":0,"top10Pct":0.02,"cashPct":21.9,"roiPct":-49.5,"nEntries":4509,"wins":0,"top10":1,"cash":989,"nContests":5},"5-1":{"winLift":1,"top10Lift":1.08,"cashLift":1.022,"winPct":0,"top10Pct":0.2,"cashPct":24,"roiPct":-5.2,"nEntries":4068,"wins":0,"top10":8,"cash":975,"nContests":5},"4-2":{"winLift":1,"top10Lift":0.968,"cashLift":0.911,"winPct":0,"top10Pct":0.04,"cashPct":20.3,"roiPct":-60.7,"nEntries":4686,"wins":0,"top10":2,"cash":952,"nContests":5},"4-4":{"winLift":1,"top10Lift":1.028,"cashLift":1.032,"winPct":0,"top10Pct":0.21,"cashPct":25.3,"roiPct":4.8,"nEntries":950,"wins":0,"top10":2,"cash":240,"nContests":5},"4-1":{"winLift":1,"top10Lift":1,"cashLift":0.954,"winPct":0,"top10Pct":0,"cashPct":19.6,"roiPct":-62.7,"nEntries":850,"wins":0,"top10":0,"cash":167,"nContests":5},"2-x":{"winLift":1,"top10Lift":0.979,"cashLift":0.936,"winPct":0,"top10Pct":0.07,"cashPct":20.7,"roiPct":-60.2,"nEntries":2689,"wins":0,"top10":2,"cash":556,"nContests":5},"3-1":{"winLift":1,"top10Lift":1,"cashLift":0.975,"winPct":0,"top10Pct":0,"cashPct":19.5,"roiPct":-64.7,"nEntries":369,"wins":0,"top10":0,"cash":72,"nContests":5},"scattered":{"winLift":1,"top10Lift":1,"cashLift":0.998,"winPct":0,"top10Pct":0,"cashPct":14.3,"roiPct":-32.9,"nEntries":14,"wins":0,"top10":0,"cash":2,"nContests":4}}},"main":{"fieldAvgRoiPct":-15,"shapes":{"5-2":{"winLift":0.921,"top10Lift":1.063,"cashLift":0.985,"winPct":0.005,"top10Pct":0.1,"cashPct":22.7,"roiPct":-29.1,"nEntries":37343,"wins":2,"top10":38,"cash":8468,"nContests":10},"5-3":{"winLift":1.024,"top10Lift":0.98,"cashLift":1.017,"winPct":0.01,"top10Pct":0.08,"cashPct":23.5,"roiPct":-44.1,"nEntries":20230,"wins":2,"top10":17,"cash":4746,"nContests":10},"3-2":{"winLift":1.408,"top10Lift":1.032,"cashLift":1.117,"winPct":0.027,"top10Pct":0.11,"cashPct":26.3,"roiPct":-29.1,"nEntries":7447,"wins":2,"top10":8,"cash":1956,"nContests":10},"4-2":{"winLift":1.039,"top10Lift":0.963,"cashLift":0.946,"winPct":0.012,"top10Pct":0.06,"cashPct":21.5,"roiPct":123.6,"nEntries":8369,"wins":1,"top10":5,"cash":1801,"nContests":10},"4-4":{"winLift":1,"top10Lift":1.032,"cashLift":0.971,"winPct":0,"top10Pct":0.12,"cashPct":22,"roiPct":-41.4,"nEntries":3295,"wins":0,"top10":4,"cash":725,"nContests":10},"5-1":{"winLift":1,"top10Lift":0.972,"cashLift":1.013,"winPct":0,"top10Pct":0.08,"cashPct":23.4,"roiPct":-47.6,"nEntries":11813,"wins":0,"top10":9,"cash":2760,"nContests":10},"3-1":{"winLift":1.686,"top10Lift":1.019,"cashLift":1.019,"winPct":0.063,