{"schemaVersion":2,"sport":"mlb","generatedAt":"2026-07-01T15:45:34.746Z","raw":{"buckets":{"large":{"5-2":{"n":216227,"wins":27,"top10":202,"cash":51873,"pay":639669.578142119,"fee":681748,"nC":46},"4-1":{"n":19247,"wins":0,"top10":13,"cash":4013,"pay":42802.7090892382,"fee":64361.5,"nC":46},"5-3":{"n":115683,"wins":4,"top10":97,"cash":30112,"pay":373744.18295975256,"fee":405984,"nC":46},"5-1":{"n":80957,"wins":7,"top10":52,"cash":18954,"pay":385386.7524586897,"fee":280007,"nC":46},"4-2":{"n":47169,"wins":3,"top10":32,"cash":10834,"pay":156121.77910234302,"fee":169714.75,"nC":46},"4-4":{"n":18623,"wins":6,"top10":17,"cash":4561,"pay":86159.06653806157,"fee":80187.25,"nC":46},"3-2":{"n":38197,"wins":3,"top10":22,"cash":7964,"pay":109198.25494947206,"fee":148057.25,"nC":46},"4-3":{"n":47560,"wins":4,"top10":23,"cash":11370,"pay":97150.37756928794,"fee":176597.25,"nC":46},"3-3":{"n":18245,"wins":0,"top10":7,"cash":4053,"pay":37931.07379082382,"fee":74386.5,"nC":46},"3-1":{"n":13293,"wins":1,"top10":4,"cash":2389,"pay":18877.89059833232,"fee":45464,"nC":46},"2-x":{"n":67661,"wins":1,"top10":12,"cash":11720,"pay":97460.97179436256,"fee":241598,"nC":46},"scattered":{"n":10042,"wins":1,"top10":1,"cash":1231,"pay":8025.363007518797,"fee":35692.75,"nC":46}},"main":{"5-2":{"n":37343,"wins":2,"top10":38,"cash":8468,"pay":81801.84433543854,"fee":115361,"nC":10},"5-3":{"n":20230,"wins":2,"top10":17,"cash":4746,"pay":37233.75718689991,"fee":66549.5,"nC":10},"3-2":{"n":7447,"wins":2,"top10":8,"cash":1956,"pay":18396.056441916386,"fee":25935.5,"nC":10},"4-2":{"n":8369,"wins":1,"top10":5,"cash":1801,"pay":63278.614308176104,"fee":28293.75,"nC":10},"4-4":{"n":3295,"wins":0,"top10":4,"cash":725,"pay":7452.193941916388,"fee":12727.25,"nC":10},"5-1":{"n":11813,"wins":0,"top10":9,"cash":2760,"pay":21855.80397860402,"fee":41683,"nC":10},"3-1":{"n":1579,"wins":1,"top10":2,"cash":378,"pay":2456.892857142857,"fee":5211.75,"nC":10},"4-1":{"n":2483,"wins":1,"top10":2,"cash":575,"pay":9300.753151260504,"fee":8158.5,"nC":10},"2-x":{"n":9269,"wins":1,"top10":7,"cash":2157,"pay":47512.28432451596,"fee":32697.25,"nC":10},"4-3":{"n":7791,"wins":0,"top10":8,"cash":1723,"pay":26160.33140734282,"fee":29474.25,"nC":10},"3-3":{"n":3077,"wins":0,"top10":2,"cash":668,"pay":6739.1695492662475,"fee":12300.75,"nC":10},"scattered":{"n":544,"wins":0,"top10":0,"cash":122,"pay":811.7985175202157,"fee":1635.75,"nC":10}}},"global":{"5-2":{"n":253570,"wins":29,"top10":240,"cash":60341,"pay":721471.4224775549,"fee":797109,"nC":56},"4-1":{"n":21730,"wins":1,"top10":15,"cash":4588,"pay":52103.46224049869,"fee":72520,"nC":56},"5-3":{"n":135913,"wins":6,"top10":114,"cash":34858,"pay":410977.94014665217,"fee":472533.5,"nC":56},"5-1":{"n":92770,"wins":7,"top10":61,"cash":21714,"pay":407242.55643729365,"fee":321690,"nC":56},"4-2":{"n":55538,"wins":4,"top10":37,"cash":12635,"pay":219400.39341051882,"fee":198008.5,"nC":56},"4-4":{"n":21918,"wins":6,"top10":21,"cash":5286,"pay":93611.260479978,"fee":92914.5,"nC":56},"3-2":{"n":45644,"wins":5,"top10":30,"cash":9920,"pay":127594.31139138843,"fee":173992.75,"nC":56},"4-3":{"n":55351,"wins":4,"top10":31,"cash":13093,"pay":123310.70897663079,"fee":206071.5,"nC":56},"3-3":{"n":21322,"wins":0,"top10":9,"cash":4721,"pay":44670.24334009008,"fee":86687.25,"nC":56},"3-1":{"n":14872,"wins":2,"top10":6,"cash":2767,"pay":21334.783455475175,"fee":50675.75,"nC":56},"2-x":{"n":76930,"wins":2,"top10":19,"cash":13877,"pay":144973.25611887872,"fee":274295.25,"nC":56},"scattered":{"n":10586,"wins":1,"top10":1,"cash":1353,"pay":8837.161525039013,"fee":37328.5,"nC":56}}},"shapeRoi":{"small":{"fieldAvgRoiPct":0,"shapes":{}},"main":{"fieldAvgRoiPct":-15,"shapes":{"5-2":{"winLift":0.921,"top10Lift":1.063,"cashLift":0.985,"winPct":0.005,"top10Pct":0.1,"cashPct":22.7,"roiPct":-29.1,"nEntries":37343,"wins":2,"top10":38,"cash":8468,"nContests":10},"5-3":{"winLift":1.024,"top10Lift":0.98,"cashLift":1.017,"winPct":0.01,"top10Pct":0.08,"cashPct":23.5,"roiPct":-44.1,"nEntries":20230,"wins":2,"top10":17,"cash":4746,"nContests":10},"3-2":{"winLift":1.408,"top10Lift":1.032,"cashLift":1.117,"winPct":0.027,"top10Pct":0.11,"cashPct":26.3,"roiPct":-29.1,"nEntries":7447,"wins":2,"top10":8,"cash":1956,"nContests":10},"4-2":{"winLift":1.039,"top10Lift":0.963,"cashLift":0.946,"winPct":0.012,"top10Pct":0.06,"cashPct":21.5,"roiPct":123.6,"nEntries":8369,"wins":1,"top10":5,"cash":1801,"nContests":10},"4-4":{"winLift":1,"top10Lift":1.032,"cashLift":0.971,"winPct":0,"top10Pct":0.12,"cashPct":22,"roiPct":-41.4,"nEntries":3295,"wins":0,"top10":4,"cash":725,"nContests":10},"5-1":{"winLift":1,"top10Lift":0.972,"cashLift":1.013,"winPct":0,"top10Pct":0.08,"cashPct":23.4,"roiPct":-47.6,"nEntries":11813,"wins":0,"top10":9,"cash":2760,"nContests":10},"3-1":{"winLift":1.686,"top10Lift":1.019,"cashLift":1.019,"winPct":0.063,"top10Pct":0.13,"cashPct":23.9,"roiPct":-52.9,"nEntries":1579,"wins":1,"top10":2,"cash":378,"nContests":10},"4-1":{"winLift":1.396,"top10Lift":0.995,"cashLift":1.003,"winPct":0.04,"top10Pct":0.08,"cashPct":23.2,"roiPct":14,"nEntries":2483,"wins":1,"top10":2,"cash":575,"nContests":10},"2-x":{"winLift":1.025,"top10Lift":0.976,"cashLift":1.009,"winPct":0.011,"top10Pct":0.08,"cashPct":23.3,"roiPct":45.3,"nEntries":9269,"wins":1,"top10":7,"cash":2157,"nContests":10},"4-3":{"winLift":1,"top10Lift":1.023,"cashLift":0.968,"winPct":0,"top10Pct":0.1,"cashPct":22.1,"roiPct":-11.2,"nEntries":7791,"wins":0,"top10":8,"cash":1723,"nContests":10},"3-3":{"winLift":1,"top10Lift":0.987,"cashLift":0.964,"winPct":0,"top10Pct":0.06,"cashPct":21.7,"roiPct":-45.2,"nEntries":3077,"wins":0,"top10":2,"cash":668,"nContests":10},"scattered":{"winLift":1,"top10Lift":1,"cashLift":0.994,"winPct":0,"top10Pct":0,"cashPct":22.4,"roiPct":-50.4,"nEntries":544,"wins":0,"top10":0,"cash":122,"nContests":10}}},"large":{"fieldAvgRoiPct":-14.6,"shapes":{"5-2":{"winLift":1.4,"top10Lift":1.286,"cashLift":1.045,"winPct":0.012,"top10Pct":0.09,"cashPct":24,"roiPct":-6.2,"nEntries":216227,"wins":27,"top10":202,"cash":51873,"nContests":46},"4-1":{"winLift":1,"top10Lift":0.993,"cashLift":0.917,"winPct":0,"top10Pct":0.07,"cashPct":20.9,"roiPct":-33.5,"nEntries":19247,"wins":0,"top10":13,"cash":4013,"nContests":46},"5-3":{"winLift":0.807,"top10Lift":1.145,"cashLift":1.132,"winPct":0.003,"top10Pct":0.08,"cashPct":26,"roiPct":-7.9,"nEntries":115683,"wins":4,"top10":97,"cash":30112,"nContests":46},"5-1":{"winLift":1.024,"top10Lift":0.957,"cashLift":1.019,"winPct":0.009,"top10Pct":0.06,"cashPct":23.4,"roiPct":37.6,"nEntries":80957,"wins":7,"top10":52,"cash":18954,"nContests":46},"4-2":{"winLift":0.938,"top10Lift":0.989,"cashLift":1,"winPct":0.006,"top10Pct":0.07,"cashPct":23,"roiPct":-8,"nEntries":47169,"wins":3,"top10":32,"cash":10834,"nContests":46},"4-4":{"winLift":2.25,"top10Lift":1.093,"cashLift":1.061,"winPct":0.032,"top10Pct":0.09,"cashPct":24.5,"roiPct":7.4,"nEntries":18623,"wins":6,"top10":17,"cash":4561,"nContests":46},"3-2":{"winLift":0.988,"top10Lift":0.939,"cashLift":0.913,"winPct":0.008,"top10Pct":0.06,"cashPct":20.8,"roiPct":-26.2,"nEntries":38197,"wins":3,"top10":22,"cash":7964,"nContests":46},"4-3":{"winLift":1.007,"top10Lift":0.889,"cashLift":1.04,"winPct":0.008,"top10Pct":0.05,"cashPct":23.9,"roiPct":-45,"nEntries":47560,"wins":4,"top10":23,"cash":11370,"nContests":46},"3-3":{"winLift":1,"top10Lift":0.933,"cashLift":0.971,"winPct":0,"top10Pct":0.04,"cashPct":22.2,"roiPct":-49,"nEntries":18245,"wins":0,"top10":7,"cash":4053,"nContests":46},"3-1":{"winLift":0.99,"top10Lift":0.948,"cashLift":0.814,"winPct":0.008,"top10Pct":0.03,"cashPct":18,"roiPct":-58.5,"nEntries":13293,"wins":1,"top10":4,"cash":2389,"nContests":46},"2-x":{"winLift":0.909,"top10Lift":0.828,"cashLift":0.763,"winPct":0.001,"top10Pct":0.02,"cashPct":17.3,"roiPct":-59.7,"nEntries":67661,"wins":1,"top10":12,"cash":11720,"nContests":46},"scattered":{"winLift":1.023,"top10Lift":0.979,"cashLift":0.648,"winPct":0.01,"top10Pct":0.01,"cashPct":12.3,"roiPct":-77.5,"nEntries":10042,