{"schemaVersion":2,"sport":"mlb","generatedAt":"2026-07-02T14:10:10.612Z","raw":{"buckets":{"main":{"5-1":{"n":9249,"wins":1,"top10":9,"cash":1911,"pay":23814.623018504488,"fee":32944.5,"nC":5},"4-2":{"n":6510,"wins":3,"top10":8,"cash":1323,"pay":65529.372521157005,"fee":25847.75,"nC":5},"5-2":{"n":16812,"wins":1,"top10":18,"cash":4282,"pay":33159.868318176086,"fee":50402.75,"nC":5},"4-3":{"n":4945,"wins":0,"top10":2,"cash":1156,"pay":9075.629618226601,"fee":19330.75,"nC":5},"3-2":{"n":5765,"wins":0,"top10":3,"cash":1267,"pay":9117.345394404449,"fee":21879,"nC":5},"5-3":{"n":6596,"wins":0,"top10":6,"cash":1603,"pay":25864.427422003286,"fee":19593.75,"nC":5},"2-x":{"n":6446,"wins":0,"top10":5,"cash":1458,"pay":11169.26409309082,"fee":24724.5,"nC":5},"3-3":{"n":2500,"wins":0,"top10":0,"cash":557,"pay":4056.5712438423643,"fee":9070,"nC":5},"4-4":{"n":1028,"wins":0,"top10":0,"cash":271,"pay":2472.5775862068967,"fee":4281.25,"nC":5},"3-1":{"n":1431,"wins":0,"top10":0,"cash":285,"pay":2822.167992926614,"fee":5904.25,"nC":5},"4-1":{"n":2582,"wins":0,"top10":1,"cash":512,"pay":3909.402791461412,"fee":9873.25,"nC":5},"scattered":{"n":519,"wins":0,"top10":0,"cash":97,"pay":506.75,"fee":1635.25,"nC":5}},"large":{"5-2":{"n":55976,"wins":3,"top10":47,"cash":13850,"pay":265477.15273384465,"fee":196349,"nC":12},"4-1":{"n":4950,"wins":0,"top10":3,"cash":976,"pay":8023.8502587991725,"fee":19784.25,"nC":12},"5-3":{"n":28571,"wins":1,"top10":21,"cash":7761,"pay":70570.65426945803,"fee":106372,"nC":12},"5-1":{"n":20587,"wins":2,"top10":15,"cash":4857,"pay":113803.43869315503,"fee":81595.25,"nC":12},"4-2":{"n":13109,"wins":1,"top10":10,"cash":2975,"pay":25654.067580408588,"fee":49632,"nC":12},"4-4":{"n":4769,"wins":1,"top10":7,"cash":1288,"pay":15780.729324625028,"fee":22056.25,"nC":12},"3-2":{"n":11074,"wins":1,"top10":9,"cash":2350,"pay":27830.843360142273,"fee":46974.5,"nC":12},"4-3":{"n":12954,"wins":0,"top10":2,"cash":3046,"pay":27877.275638371302,"fee":53501.25,"nC":12},"3-3":{"n":5316,"wins":0,"top10":2,"cash":1212,"pay":13017.679388422033,"fee":23483.75,"nC":12},"3-1":{"n":3742,"wins":0,"top10":0,"cash":634,"pay":5516.101052851205,"fee":15659.25,"nC":12},"2-x":{"n":19813,"wins":0,"top10":5,"cash":2741,"pay":40534.13627135139,"fee":85471.5,"nC":12},"scattered":{"n":3617,"wins":1,"top10":1,"cash":344,"pay":3366.5714285714284,"fee":15501.5,"nC":12}}},"global":{"5-1":{"n":29836,"wins":3,"top10":24,"cash":6768,"pay":137618.06171165954,"fee":114539.75,"nC":17},"4-2":{"n":19619,"wins":4,"top10":18,"cash":4298,"pay":91183.44010156556,"fee":75479.75,"nC":17},"5-2":{"n":72788,"wins":4,"top10":65,"cash":18132,"pay":298637.0210520209,"fee":246751.75,"nC":17},"4-3":{"n":17899,"wins":0,"top10":4,"cash":4202,"pay":36952.90525659788,"fee":72832,"nC":17},"3-2":{"n":16839,"wins":1,"top10":12,"cash":3617,"pay":36948.188754546725,"fee":68853.5,"nC":17},"5-3":{"n":35167,"wins":1,"top10":27,"cash":9364,"pay":96435.08169146131,"fee":125965.75,"nC":17},"2-x":{"n":26259,"wins":0,"top10":10,"cash":4199,"pay":51703.40036444221,"fee":110196,"nC":17},"3-3":{"n":7816,"wins":0,"top10":2,"cash":1769,"pay":17074.250632264397,"fee":32553.75,"nC":17},"4-4":{"n":5797,"wins":1,"top10":7,"cash":1559,"pay":18253.306910831932,"fee":26337.5,"nC":17},"3-1":{"n":5173,"wins":0,"top10":0,"cash":919,"pay":8338.269045777814,"fee":21563.5,"nC":17},"4-1":{"n":7532,"wins":0,"top10":4,"cash":1488,"pay":11933.253050260582,"fee":29657.5,"nC":17},"scattered":{"n":4136,"wins":1,"top10":1,"cash":441,"pay":3873.3214285714284,"fee":17136.75,"nC":17}},"winKeys":{"2026-07-01|e2553650e1994360":1,"2026-07-01|908f37915ffe7d5c":1,"2026-07-01|b06bfa39aae69ad0":1,"2026-07-01|ae59448656e4e730":1,"2026-07-01|3dd1300f2dc711c0":1,"2026-06-30|ba13a047375e3076":1,"2026-06-30|cebc0ac9c36e4a39":1,"2026-06-30|87775c99928a5258":1,"2026-06-30|485dbd13aaf496f6":1,"2026-06-30|54ea2386a7a31cbc":1,"2026-06-29|85c7a68bb5f225f4":1,"2026-06-29|91068debba38bd87":1,"2026-06-29|bbf7cbd92f4dfa64":1,"2026-06-28|af39403287d801b2":1,"2026-06-28|b1aea23f8c06911f":1}},"shapeRoi":{"small":{"fieldAvgRoiPct":0,"shapes":{}},"main":{"fieldAvgRoiPct":-15.1,"shapes":{"5-1":{"winLift":1.044,"top10Lift":1.038,"cashLift":0.92,"winPct":0.011,"top10Pct":0.1,"cashPct":20.7,"roiPct":-27.7,"nEntries":9249,"wins":1,"top10":9,"cash":1911,"nContests":5},"4-2":{"winLift":2.346,"top10Lift":1.087,"cashLift":0.915,"winPct":0.046,"top10Pct":0.12,"cashPct":20.3,"roiPct":153.5,"nEntries":6510,"wins":3,"top10":8,"cash":1323,"nContests":5},"5-2":{"winLift":0.974,"top10Lift":1.101,"cashLift":1.104,"winPct":0.006,"top10Pct":0.11,"cashPct":25.5,"roiPct":-34.2,"nEntries":16812,"wins":1,"top10":18,"cash":4282,"nContests":5},"4-3":{"winLift":1,"top10Lift":0.976,"cashLift":1.017,"winPct":0,"top10Pct":0.04,"cashPct":23.4,"roiPct":-53.1,"nEntries":4945,"wins":0,"top10":2,"cash":1156,"nContests":5},"3-2":{"winLift":1,"top10Lift":0.975,"cashLift":0.97,"winPct":0,"top10Pct":0.05,"cashPct":22,"roiPct":-58.3,"nEntries":5765,"wins":0,"top10":3,"cash":1267,"nContests":5},"5-3":{"winLift":1,"top10Lift":1.016,"cashLift":1.05,"winPct":0,"top10Pct":0.09,"cashPct":24.3,"roiPct":32,"nEntries":6596,"wins":0,"top10":6,"cash":1603,"nContests":5},"2-x":{"winLift":1,"top10Lift":0.996,"cashLift":0.992,"winPct":0,"top10Pct":0.08,"cashPct":22.6,"roiPct":-54.8,"nEntries":6446,"wins":0,"top10":5,"cash":1458,"nContests":5},"3-3":{"winLift":1,"top10Lift":1,"cashLift":0.985,"winPct":0,"top10Pct":0,"cashPct":22.3,"roiPct":-55.3,"nEntries":2500,"wins":0,"top10":0,"cash":557,"nContests":5},"4-4":{"winLift":1,"top10Lift":1,"cashLift":1.062,"winPct":0,"top10Pct":0,"cashPct":26.4,"roiPct":-42.2,"nEntries":1028,"wins":0,"top10":0,"cash":271,"nContests":5},"3-1":{"winLift":1,"top10Lift":1,"cashLift":0.946,"winPct":0,"top10Pct":0,"cashPct":19.9,"roiPct":-52.2,"nEntries":1431,"wins":0,"top10":0,"cash":285,"nContests":5},"4-1":{"winLift":1,"top10Lift":0.987,"cashLift":0.925,"winPct":0,"top10Pct":0.04,"cashPct":19.8,"roiPct":-60.4,"nEntries":2582,"wins":0,"top10":1,"cash":512,"nContests":5},"scattered":{"winLift":1,"top10Lift":1,"cashLift":0.964,"winPct":0,"top10Pct":0,"cashPct":18.7,"roiPct":-69,"nEntries":519,"wins":0,"top10":0,"cash":97,"nContests":5}}},"large":{"fieldAvgRoiPct":-13.8,"shapes":{"5-2":{"winLift":0.997,"top10Lift":1.146,"cashLift":1.083,"winPct":0.005,"top10Pct":0.08,"cashPct":24.7,"roiPct":35.2,"nEntries":55976,"wins":3,"top10":47,"cash":13850,"nContests":12},"4-1":{"winLift":1,"top10Lift":0.994,"cashLift":0.904,"winPct":0,"top10Pct":0.06,"cashPct":19.7,"roiPct":-59.4,"nEntries":4950,"wins":0,"top10":3,"cash":976,"nContests":12},"5-3":{"winLift":0.961,"top10Lift":1.038,"cashLift":1.183,"winPct":0.004,"top10Pct":0.07,"cashPct":27.2,"roiPct":-33.7,"nEntries":28571,"wins":1,"top10":21,"cash":7761,"nContests":12},"5-1":{"winLift":1.158,"top10Lift":1.028,"cashLift":1.033,"winPct":0.01,"top10Pct":0.07,"cashPct":23.6,"roiPct":39.5,"nEntries":20587,"wins":2,"top10":15,"cash":4857,"nContests":12},"4-2":{"winLift":1.045,"top10Lift":1.031,"cashLift":0.996,"winPct":0.008,"top10Pct":0.08,"cashPct":22.7,"roiPct":-48.3,"nEntries":13109,"wins":1,"top10":10,"cash":2975,"nContests":12},"4-4":{"winLift":1.319,"top10Lift":1.182,"cashLift":1.141,"winPct":0.021,"top10Pct":0.15,"cashPct":27,"roiPct":-28.5,"nEntries":4769,"wins":1,"top10":7,"cash":1288,"nContests":12},"3-2":{"winLift":1.074,"top10Lift":1.042,"cashLift":0.941,"winPct":0.009,"top10Pct":0.08,"cashPct":21.2,"roiPct":-40.8,"nEntries":11074,"wins":1,"top10":9,"cash":2350,"nContests":12},"4-3":{"winLift":1,"top10Lift":0.963,"cashLift":1.028,"winPct":0,"top10Pct":0.02,"cashPct":23.5,"roiPct":-47.9,"nEntries":12954,"wins":0,"top10":2,"cash":3046,"nContests":12},"3-3":{"winLift":1,"top10Lift":0.979,"cashLift":1,"winPct":0,"top10Pct":0.04,"cashPct":22.8,"roiPct":-44.6,"nEntries":5316,"wins":0,"top10":2,"cash":1212,"nContests":12},"3-1":{"winLift":1,"top10Lift":1,"cashLift":0.843,"winPct":0,"top10Pct":0,"cashPct":16.9,"roiPct":-64.8,"nEntries":3742,"wins":0,"top10":0,