{"schemaVersion":2,"sport":"mlb","generatedAt":"2026-07-02T14:10:48.909Z","raw":{"buckets":{"main":{"5-1":{"n":9249,"wins":1,"top10":9,"cash":1911,"pay":23814.623018504488,"fee":32944.5,"nC":5},"4-2":{"n":6510,"wins":3,"top10":8,"cash":1323,"pay":65529.372521157005,"fee":25847.75,"nC":5},"5-2":{"n":16812,"wins":1,"top10":18,"cash":4282,"pay":33159.868318176086,"fee":50402.75,"nC":5},"4-3":{"n":4945,"wins":0,"top10":2,"cash":1156,"pay":9075.629618226601,"fee":19330.75,"nC":5},"3-2":{"n":5765,"wins":0,"top10":3,"cash":1267,"pay":9117.345394404449,"fee":21879,"nC":5},"5-3":{"n":6596,"wins":0,"top10":6,"cash":1603,"pay":25864.427422003286,"fee":19593.75,"nC":5},"2-x":{"n":6446,"wins":0,"top10":5,"cash":1458,"pay":11169.26409309082,"fee":24724.5,"nC":5},"3-3":{"n":2500,"wins":0,"top10":0,"cash":557,"pay":4056.5712438423643,"fee":9070,"nC":5},"4-4":{"n":1028,"wins":0,"top10":0,"cash":271,"pay":2472.5775862068967,"fee":4281.25,"nC":5},"3-1":{"n":1431,"wins":0,"top10":0,"cash":285,"pay":2822.167992926614,"fee":5904.25,"nC":5},"4-1":{"n":2582,"wins":0,"top10":1,"cash":512,"pay":3909.402791461412,"fee":9873.25,"nC":5},"scattered":{"n":519,"wins":0,"top10":0,"cash":97,"pay":506.75,"fee":1635.25,"nC":5}},"large":{"5-2":{"n":71796,"wins":4,"top10":59,"cash":17712,"pay":277434.2079970023,"fee":209485,"nC":15},"4-1":{"n":6003,"wins":0,"top10":3,"cash":1172,"pay":8509.850258799172,"fee":20748.25,"nC":15},"5-3":{"n":37981,"wins":1,"top10":27,"cash":10025,"pay":77150.89023437035,"fee":114705,"nC":15},"5-1":{"n":26116,"wins":2,"top10":18,"cash":6232,"pay":118481.30185104978,"fee":86534.75,"nC":15},"4-2":{"n":15678,"wins":1,"top10":13,"cash":3556,"pay":27366.330738303328,"fee":51969,"nC":15},"4-4":{"n":6274,"wins":2,"top10":8,"cash":1646,"pay":17232.860903572397,"fee":23477.75,"nC":15},"3-2":{"n":13237,"wins":1,"top10":10,"cash":2767,"pay":28964.838096984382,"fee":49111,"nC":15},"4-3":{"n":15817,"wins":0,"top10":4,"cash":3764,"pay":30129.038796266042,"fee":56315.25,"nC":15},"3-3":{"n":6311,"wins":0,"top10":3,"cash":1456,"pay":13965.679388422033,"fee":24534.25,"nC":15},"3-1":{"n":4527,"wins":0,"top10":0,"cash":796,"pay":5985.2326317985735,"fee":16470.25,"nC":15},"2-x":{"n":23689,"wins":1,"top10":7,"cash":3606,"pay":44415.06609591279,"fee":89634.5,"nC":15},"scattered":{"n":4201,"wins":1,"top10":1,"cash":473,"pay":3810.2030075187968,"fee":16097,"nC":15}}},"global":{"5-1":{"n":35365,"wins":3,"top10":27,"cash":8143,"pay":142295.92486955426,"fee":119479.25,"nC":20},"4-2":{"n":22188,"wins":4,"top10":21,"cash":4879,"pay":92895.70325946031,"fee":77816.75,"nC":20},"5-2":{"n":88608,"wins":5,"top10":77,"cash":21994,"pay":310594.07631517854,"fee":259887.75,"nC":20},"4-3":{"n":20762,"wins":0,"top10":6,"cash":4920,"pay":39204.66841449261,"fee":75646,"nC":20},"3-2":{"n":19002,"wins":1,"top10":13,"cash":4034,"pay":38082.18349138882,"fee":70990,"nC":20},"5-3":{"n":44577,"wins":1,"top10":33,"cash":11628,"pay":103015.31765637363,"fee":134298.75,"nC":20},"2-x":{"n":30135,"wins":1,"top10":12,"cash":5064,"pay":55584.33018900362,"fee":114359,"nC":20},"3-3":{"n":8811,"wins":0,"top10":3,"cash":2013,"pay":18022.250632264397,"fee":33604.25,"nC":20},"4-4":{"n":7302,"wins":2,"top10":8,"cash":1917,"pay":19705.438489779302,"fee":27759,"nC":20},"3-1":{"n":5958,"wins":0,"top10":0,"cash":1081,"pay":8807.400624725182,"fee":22374.5,"nC":20},"4-1":{"n":8585,"wins":0,"top10":4,"cash":1684,"pay":12419.253050260582,"fee":30621.5,"nC":20},"scattered":{"n":4720,"wins":1,"top10":1,"cash":570,"pay":4316.953007518797,"fee":17732.25,"nC":20}},"winKeys":{"2026-07-01|e2553650e1994360":1,"2026-07-01|908f37915ffe7d5c":1,"2026-07-01|b06bfa39aae69ad0":1,"2026-07-01|ae59448656e4e730":1,"2026-07-01|3dd1300f2dc711c0":1,"2026-06-30|ba13a047375e3076":1,"2026-06-30|cebc0ac9c36e4a39":1,"2026-06-30|87775c99928a5258":1,"2026-06-30|485dbd13aaf496f6":1,"2026-06-30|54ea2386a7a31cbc":1,"2026-06-29|85c7a68bb5f225f4":1,"2026-06-29|91068debba38bd87":1,"2026-06-29|bbf7cbd92f4dfa64":1,"2026-06-28|af39403287d801b2":1,"2026-06-28|b1aea23f8c06911f":1,"2026-06-28|e4bca07843616594":1,"2026-06-28|58842cb4808a795f":1,"2026-06-28|800345dcb0aa1dee":1}},"shapeRoi":{"small":{"fieldAvgRoiPct":0,"shapes":{}},"main":{"fieldAvgRoiPct":-15.1,"shapes":{"5-1":{"winLift":1.044,"top10Lift":1.038,"cashLift":0.92,"winPct":0.011,"top10Pct":0.1,"cashPct":20.7,"roiPct":-27.7,"nEntries":9249,"wins":1,"top10":9,"cash":1911,"nContests":5},"4-2":{"winLift":2.346,"top10Lift":1.087,"cashLift":0.915,"winPct":0.046,"top10Pct":0.12,"cashPct":20.3,"roiPct":153.5,"nEntries":6510,"wins":3,"top10":8,"cash":1323,"nContests":5},"5-2":{"winLift":0.974,"top10Lift":1.101,"cashLift":1.104,"winPct":0.006,"top10Pct":0.11,"cashPct":25.5,"roiPct":-34.2,"nEntries":16812,"wins":1,"top10":18,"cash":4282,"nContests":5},"4-3":{"winLift":1,"top10Lift":0.976,"cashLift":1.017,"winPct":0,"top10Pct":0.04,"cashPct":23.4,"roiPct":-53.1,"nEntries":4945,"wins":0,"top10":2,"cash":1156,"nContests":5},"3-2":{"winLift":1,"top10Lift":0.975,"cashLift":0.97,"winPct":0,"top10Pct":0.05,"cashPct":22,"roiPct":-58.3,"nEntries":5765,"wins":0,"top10":3,"cash":1267,"nContests":5},"5-3":{"winLift":1,"top10Lift":1.016,"cashLift":1.05,"winPct":0,"top10Pct":0.09,"cashPct":24.3,"roiPct":32,"nEntries":6596,"wins":0,"top10":6,"cash":1603,"nContests":5},"2-x":{"winLift":1,"top10Lift":0.996,"cashLift":0.992,"winPct":0,"top10Pct":0.08,"cashPct":22.6,"roiPct":-54.8,"nEntries":6446,"wins":0,"top10":5,"cash":1458,"nContests":5},"3-3":{"winLift":1,"top10Lift":1,"cashLift":0.985,"winPct":0,"top10Pct":0,"cashPct":22.3,"roiPct":-55.3,"nEntries":2500,"wins":0,"top10":0,"cash":557,"nContests":5},"4-4":{"winLift":1,"top10Lift":1,"cashLift":1.062,"winPct":0,"top10Pct":0,"cashPct":26.4,"roiPct":-42.2,"nEntries":1028,"wins":0,"top10":0,"cash":271,"nContests":5},"3-1":{"winLift":1,"top10Lift":1,"cashLift":0.946,"winPct":0,"top10Pct":0,"cashPct":19.9,"roiPct":-52.2,"nEntries":1431,"wins":0,"top10":0,"cash":285,"nContests":5},"4-1":{"winLift":1,"top10Lift":0.987,"cashLift":0.925,"winPct":0,"top10Pct":0.04,"cashPct":19.8,"roiPct":-60.4,"nEntries":2582,"wins":0,"top10":1,"cash":512,"nContests":5},"scattered":{"winLift":1,"top10Lift":1,"cashLift":0.964,"winPct":0,"top10Pct":0,"cashPct":18.7,"roiPct":-69,"nEntries":519,"wins":0,"top10":0,"cash":97,"nContests":5}}},"large":{"fieldAvgRoiPct":-13.9,"shapes":{"5-2":{"winLift":0.998,"top10Lift":1.145,"cashLift":1.072,"winPct":0.006,"top10Pct":0.08,"cashPct":24.7,"roiPct":32.4,"nEntries":71796,"wins":4,"top10":59,"cash":17712,"nContests":15},"4-1":{"winLift":1,"top10Lift":0.983,"cashLift":0.888,"winPct":0,"top10Pct":0.05,"cashPct":19.5,"roiPct":-59,"nEntries":6003,"wins":0,"top10":3,"cash":1172,"nContests":15},"5-3":{"winLift":0.941,"top10Lift":1.031,"cashLift":1.143,"winPct":0.003,"top10Pct":0.07,"cashPct":26.4,"roiPct":-32.7,"nEntries":37981,"wins":1,"top10":27,"cash":10025,"nContests":15},"5-1":{"winLift":1.073,"top10Lift":1.013,"cashLift":1.037,"winPct":0.008,"top10Pct":0.07,"cashPct":23.9,"roiPct":36.9,"nEntries":26116,"wins":2,"top10":18,"cash":6232,"nContests":15},"4-2":{"winLift":1.015,"top10Lift":1.063,"cashLift":0.989,"winPct":0.006,"top10Pct":0.08,"cashPct":22.7,"roiPct":-47.3,"nEntries":15678,"wins":1,"top10":13,"cash":3556,"nContests":15},"4-4":{"winLift":1.936,"top10Lift":1.155,"cashLift":1.114,"winPct":0.032,"top10Pct":0.13,"cashPct":26.2,"roiPct":-26.6,"nEntries":6274,"wins":2,"top10":8,"cash":1646,"nContests":15},"3-2":{"winLift":1.038,"top10Lift":1.029,"cashLift":0.921,"winPct":0.008,"top10Pct":0.08,"cashPct":20.9,"roiPct":-41,"nEntries":13237,"wins":1,"top10":10,"cash":2767,"nContests":15},"4-3":{"winLift":1,"top10Lift":0.944,"cashLift":1.033,"winPct":0,"top10Pct":0.03,"cashPct":23.8,"roiPct":-46.5,"nEntries":15817,"wins":0,"top10":4,"cash":3764,"nContests":15},"3-3":{"winLift":1,"top10Lift":0.98,"cashLift":1.003,"winPct":0,"top10Pct":0.05,"cashPct":23.1,"roiPct":-43.1,"nEntries":6311,"wins":0,"top10":3,"cash":1456,"nContests":15},"3-1":{"winLift":1,"top10Lift":1,