{"schemaVersion":2,"sport":"mlb","generatedAt":"2026-07-02T14:11:34.369Z","raw":{"buckets":{"main":{"5-1":{"n":9249,"wins":1,"top10":9,"cash":1911,"pay":23814.623018504488,"fee":32944.5,"nC":5},"4-2":{"n":6510,"wins":3,"top10":8,"cash":1323,"pay":65529.372521157005,"fee":25847.75,"nC":5},"5-2":{"n":16812,"wins":1,"top10":18,"cash":4282,"pay":33159.868318176086,"fee":50402.75,"nC":5},"4-3":{"n":4945,"wins":0,"top10":2,"cash":1156,"pay":9075.629618226601,"fee":19330.75,"nC":5},"3-2":{"n":5765,"wins":0,"top10":3,"cash":1267,"pay":9117.345394404449,"fee":21879,"nC":5},"5-3":{"n":6596,"wins":0,"top10":6,"cash":1603,"pay":25864.427422003286,"fee":19593.75,"nC":5},"2-x":{"n":6446,"wins":0,"top10":5,"cash":1458,"pay":11169.26409309082,"fee":24724.5,"nC":5},"3-3":{"n":2500,"wins":0,"top10":0,"cash":557,"pay":4056.5712438423643,"fee":9070,"nC":5},"4-4":{"n":1028,"wins":0,"top10":0,"cash":271,"pay":2472.5775862068967,"fee":4281.25,"nC":5},"3-1":{"n":1431,"wins":0,"top10":0,"cash":285,"pay":2822.167992926614,"fee":5904.25,"nC":5},"4-1":{"n":2582,"wins":0,"top10":1,"cash":512,"pay":3909.402791461412,"fee":9873.25,"nC":5},"scattered":{"n":519,"wins":0,"top10":0,"cash":97,"pay":506.75,"fee":1635.25,"nC":5}},"large":{"5-2":{"n":105239,"wins":7,"top10":92,"cash":25132,"pay":405170.4661324679,"fee":314789.25,"nC":23},"4-1":{"n":8900,"wins":0,"top10":3,"cash":1725,"pay":12646.600258799175,"fee":30636.25,"nC":23},"5-3":{"n":56677,"wins":1,"top10":47,"cash":15014,"pay":135662.64493473942,"fee":180531,"nC":23},"5-1":{"n":38303,"wins":2,"top10":25,"cash":8874,"pay":140058.53390824376,"fee":132999.75,"nC":23},"4-2":{"n":22340,"wins":2,"top10":16,"cash":5001,"pay":42679.9399157925,"fee":77916.5,"nC":23},"4-4":{"n":9110,"wins":4,"top10":12,"cash":2329,"pay":63497.6347130962,"fee":37682.25,"nC":23},"3-2":{"n":17944,"wins":1,"top10":12,"cash":3965,"pay":39411.71783347977,"fee":70958.25,"nC":23},"4-3":{"n":22477,"wins":1,"top10":11,"cash":5307,"pay":44106.75050559536,"fee":82792.25,"nC":23},"3-3":{"n":8519,"wins":0,"top10":4,"cash":1977,"pay":18643.875185523488,"fee":34862.5,"nC":23},"3-1":{"n":6299,"wins":1,"top10":1,"cash":1187,"pay":9456.68816539541,"fee":23630.75,"nC":23},"2-x":{"n":32938,"wins":1,"top10":9,"cash":5563,"pay":55590.195439347146,"fee":125185.75,"nC":23},"scattered":{"n":5778,"wins":1,"top10":1,"cash":661,"pay":4767.953007518797,"fee":21674,"nC":23}}},"global":{"5-1":{"n":47552,"wins":3,"top10":34,"cash":10785,"pay":163873.1569267484,"fee":165944.25,"nC":28},"4-2":{"n":28850,"wins":5,"top10":24,"cash":6324,"pay":108209.31243694946,"fee":103764.25,"nC":28},"5-2":{"n":122051,"wins":8,"top10":110,"cash":29414,"pay":438330.33445064415,"fee":365192,"nC":28},"4-3":{"n":27422,"wins":1,"top10":13,"cash":6463,"pay":53182.38012382194,"fee":102123,"nC":28},"3-2":{"n":23709,"wins":1,"top10":15,"cash":5232,"pay":48529.06322788422,"fee":92837.25,"nC":28},"5-3":{"n":63273,"wins":1,"top10":53,"cash":16617,"pay":161527.0723567427,"fee":200124.75,"nC":28},"2-x":{"n":39384,"wins":1,"top10":14,"cash":7021,"pay":66759.45953243796,"fee":149910.25,"nC":28},"3-3":{"n":11019,"wins":0,"top10":4,"cash":2534,"pay":22700.446429365846,"fee":43932.5,"nC":28},"4-4":{"n":10138,"wins":4,"top10":12,"cash":2600,"pay":65970.21229930311,"fee":41963.5,"nC":28},"3-1":{"n":7730,"wins":1,"top10":1,"cash":1472,"pay":12278.856158322018,"fee":29535,"nC":28},"4-1":{"n":11482,"wins":0,"top10":4,"cash":2237,"pay":16556.003050260588,"fee":40509.5,"nC":28},"scattered":{"n":6297,"wins":1,"top10":1,"cash":758,"pay":5274.703007518797,"fee":23309.25,"nC":28}},"winKeys":{"2026-07-01|e2553650e1994360":1,"2026-07-01|908f37915ffe7d5c":1,"2026-07-01|b06bfa39aae69ad0":1,"2026-07-01|ae59448656e4e730":1,"2026-07-01|3dd1300f2dc711c0":1,"2026-06-30|ba13a047375e3076":1,"2026-06-30|cebc0ac9c36e4a39":1,"2026-06-30|87775c99928a5258":1,"2026-06-30|485dbd13aaf496f6":1,"2026-06-30|54ea2386a7a31cbc":1,"2026-06-29|85c7a68bb5f225f4":1,"2026-06-29|91068debba38bd87":1,"2026-06-29|bbf7cbd92f4dfa64":1,"2026-06-28|af39403287d801b2":1,"2026-06-28|b1aea23f8c06911f":1,"2026-06-28|e4bca07843616594":1,"2026-06-28|58842cb4808a795f":1,"2026-06-28|800345dcb0aa1dee":1,"2026-06-27|c328e6e90dd6b56b":1,"2026-06-27|497b9eee9c645de5":1,"2026-06-27|91c0918f22c9d9a1":1,"2026-06-27|fe1a4dc6e663ef02":1,"2026-06-27|ebcfadb34ce6d605":1,"2026-06-26|e6c7e17bfc75ed60":1,"2026-06-26|911b0e6e1f7d4a80":1,"2026-06-26|3efe5bee419d83e8":1}},"shapeRoi":{"small":{"fieldAvgRoiPct":0,"shapes":{}},"main":{"fieldAvgRoiPct":-15.1,"shapes":{"5-1":{"winLift":1.044,"top10Lift":1.038,"cashLift":0.92,"winPct":0.011,"top10Pct":0.1,"cashPct":20.7,"roiPct":-27.7,"nEntries":9249,"wins":1,"top10":9,"cash":1911,"nContests":5},"4-2":{"winLift":2.346,"top10Lift":1.087,"cashLift":0.915,"winPct":0.046,"top10Pct":0.12,"cashPct":20.3,"roiPct":153.5,"nEntries":6510,"wins":3,"top10":8,"cash":1323,"nContests":5},"5-2":{"winLift":0.974,"top10Lift":1.101,"cashLift":1.104,"winPct":0.006,"top10Pct":0.11,"cashPct":25.5,"roiPct":-34.2,"nEntries":16812,"wins":1,"top10":18,"cash":4282,"nContests":5},"4-3":{"winLift":1,"top10Lift":0.976,"cashLift":1.017,"winPct":0,"top10Pct":0.04,"cashPct":23.4,"roiPct":-53.1,"nEntries":4945,"wins":0,"top10":2,"cash":1156,"nContests":5},"3-2":{"winLift":1,"top10Lift":0.975,"cashLift":0.97,"winPct":0,"top10Pct":0.05,"cashPct":22,"roiPct":-58.3,"nEntries":5765,"wins":0,"top10":3,"cash":1267,"nContests":5},"5-3":{"winLift":1,"top10Lift":1.016,"cashLift":1.05,"winPct":0,"top10Pct":0.09,"cashPct":24.3,"roiPct":32,"nEntries":6596,"wins":0,"top10":6,"cash":1603,"nContests":5},"2-x":{"winLift":1,"top10Lift":0.996,"cashLift":0.992,"winPct":0,"top10Pct":0.08,"cashPct":22.6,"roiPct":-54.8,"nEntries":6446,"wins":0,"top10":5,"cash":1458,"nContests":5},"3-3":{"winLift":1,"top10Lift":1,"cashLift":0.985,"winPct":0,"top10Pct":0,"cashPct":22.3,"roiPct":-55.3,"nEntries":2500,"wins":0,"top10":0,"cash":557,"nContests":5},"4-4":{"winLift":1,"top10Lift":1,"cashLift":1.062,"winPct":0,"top10Pct":0,"cashPct":26.4,"roiPct":-42.2,"nEntries":1028,"wins":0,"top10":0,"cash":271,"nContests":5},"3-1":{"winLift":1,"top10Lift":1,"cashLift":0.946,"winPct":0,"top10Pct":0,"cashPct":19.9,"roiPct":-52.2,"nEntries":1431,"wins":0,"top10":0,"cash":285,"nContests":5},"4-1":{"winLift":1,"top10Lift":0.987,"cashLift":0.925,"winPct":0,"top10Pct":0.04,"cashPct":19.8,"roiPct":-60.4,"nEntries":2582,"wins":0,"top10":1,"cash":512,"nContests":5},"scattered":{"winLift":1,"top10Lift":1,"cashLift":0.964,"winPct":0,"top10Pct":0,"cashPct":18.7,"roiPct":-69,"nEntries":519,"wins":0,"top10":0,"cash":97,"nContests":5}}},"large":{"fieldAvgRoiPct":-14.3,"shapes":{"5-2":{"winLift":1.028,"top10Lift":1.178,"cashLift":1.04,"winPct":0.007,"top10Pct":0.09,"cashPct":23.9,"roiPct":28.7,"nEntries":105239,"wins":7,"top10":92,"cash":25132,"nContests":23},"4-1":{"winLift":1,"top10Lift":0.964,"cashLift":0.874,"winPct":0,"top10Pct":0.03,"cashPct":19.4,"roiPct":-58.7,"nEntries":8900,"wins":0,"top10":3,"cash":1725,"nContests":23},"5-3":{"winLift":0.92,"top10Lift":1.103,"cashLift":1.151,"winPct":0.002,"top10Pct":0.08,"cashPct":26.5,"roiPct":-24.9,"nEntries":56677,"wins":1,"top10":47,"cash":15014,"nContests":23},"5-1":{"winLift":0.966,"top10Lift":0.976,"cashLift":1.01,"winPct":0.005,"top10Pct":0.07,"cashPct":23.2,"roiPct":5.3,"nEntries":38303,"wins":2,"top10":25,"cash":8874,"nContests":23},"4-2":{"winLift":1.085,"top10Lift":1.008,"cashLift":0.978,"winPct":0.009,"top10Pct":0.07,"cashPct":22.4,"roiPct":-45.2,"nEntries":22340,"wins":2,"top10":16,"cash":5001,"nContests":23},"4-4":{"winLift":2.998,"top10Lift":1.206,"cashLift":1.098,"winPct":0.044,"top10Pct":0.13,"cashPct":25.6,"roiPct":68.5,"nEntries":9110,"wins":4,"top10":12,"cash":2329,"nContests":23},"3-2":{"winLift":0.988,"top10Lift":0.991,"cashLift":0.967,"winPct":0.006,"top10Pct":0.07,"cashPct":22.1,"roiPct":-44.5,"nEntries":17944,"wins":1,"top10":12,"cash":3965,"nContests":23},"4-3":{"winLift":0.968,"top10Lift":0.936,"cashLift":1.027,"winPct":0.004,"top10Pct":0.05,"cashPct":23.6,"roiPct":-46.7,