{"schemaVersion":2,"sport":"mlb","generatedAt":"2026-07-01T15:45:01.584Z","raw":{"buckets":{"large":{"5-2":{"n":208838,"wins":26,"top10":196,"cash":49864,"pay":610092.6565412417,"fee":628599,"nC":43},"4-1":{"n":18300,"wins":0,"top10":12,"cash":3838,"pay":41058.9590892382,"fee":58278.75,"nC":43},"5-3":{"n":111409,"wins":4,"top10":85,"cash":28880,"pay":337197.95434133156,"fee":372990,"nC":43},"5-1":{"n":77825,"wins":7,"top10":48,"cash":18147,"pay":368987.8133139531,"fee":256833,"nC":43},"4-2":{"n":44994,"wins":2,"top10":31,"cash":10337,"pay":100873.22208479913,"fee":155534.5,"nC":43},"4-4":{"n":17985,"wins":6,"top10":17,"cash":4378,"pay":82761.59285385105,"fee":74548.5,"nC":43},"3-2":{"n":36322,"wins":3,"top10":22,"cash":7584,"pay":106049.78126526154,"fee":137858.5,"nC":43},"4-3":{"n":45658,"wins":3,"top10":18,"cash":10939,"pay":90998.21090262129,"fee":162786.75,"nC":43},"3-3":{"n":17430,"wins":0,"top10":7,"cash":3887,"pay":35723.32379082382,"fee":68581.5,"nC":43},"3-1":{"n":12575,"wins":1,"top10":4,"cash":2282,"pay":18093.723931665656,"fee":42100,"nC":43},"2-x":{"n":64397,"wins":1,"top10":11,"cash":11236,"pay":93650.39887769589,"fee":225704,"nC":43},"scattered":{"n":9461,"wins":1,"top10":1,"cash":1165,"pay":7540.363007518797,"fee":32943.75,"nC":43}},"main":{"5-2":{"n":37343,"wins":2,"top10":38,"cash":8468,"pay":81801.84433543854,"fee":115361,"nC":10},"5-3":{"n":20230,"wins":2,"top10":17,"cash":4746,"pay":37233.75718689991,"fee":66549.5,"nC":10},"3-2":{"n":7447,"wins":2,"top10":8,"cash":1956,"pay":18396.056441916386,"fee":25935.5,"nC":10},"4-2":{"n":8369,"wins":1,"top10":5,"cash":1801,"pay":63278.614308176104,"fee":28293.75,"nC":10},"4-4":{"n":3295,"wins":0,"top10":4,"cash":725,"pay":7452.193941916388,"fee":12727.25,"nC":10},"5-1":{"n":11813,"wins":0,"top10":9,"cash":2760,"pay":21855.80397860402,"fee":41683,"nC":10},"3-1":{"n":1579,"wins":1,"top10":2,"cash":378,"pay":2456.892857142857,"fee":5211.75,"nC":10},"4-1":{"n":2483,"wins":1,"top10":2,"cash":575,"pay":9300.753151260504,"fee":8158.5,"nC":10},"2-x":{"n":9269,"wins":1,"top10":7,"cash":2157,"pay":47512.28432451596,"fee":32697.25,"nC":10},"4-3":{"n":7791,"wins":0,"top10":8,"cash":1723,"pay":26160.33140734282,"fee":29474.25,"nC":10},"3-3":{"n":3077,"wins":0,"top10":2,"cash":668,"pay":6739.1695492662475,"fee":12300.75,"nC":10},"scattered":{"n":544,"wins":0,"top10":0,"cash":122,"pay":811.7985175202157,"fee":1635.75,"nC":10}}},"global":{"5-2":{"n":246181,"wins":28,"top10":234,"cash":58332,"pay":691894.5008766776,"fee":743960,"nC":53},"4-1":{"n":20783,"wins":1,"top10":14,"cash":4413,"pay":50359.71224049869,"fee":66437.25,"nC":53},"5-3":{"n":131639,"wins":6,"top10":102,"cash":33626,"pay":374431.71152823116,"fee":439539.5,"nC":53},"5-1":{"n":89638,"wins":7,"top10":57,"cash":20907,"pay":390843.6172925571,"fee":298516,"nC":53},"4-2":{"n":53363,"wins":3,"top10":36,"cash":12138,"pay":164151.83639297495,"fee":183828.25,"nC":53},"4-4":{"n":21280,"wins":6,"top10":21,"cash":5103,"pay":90213.78679576748,"fee":87275.75,"nC":53},"3-2":{"n":43769,"wins":5,"top10":30,"cash":9540,"pay":124445.83770717791,"fee":163794,"nC":53},"4-3":{"n":53449,"wins":3,"top10":26,"cash":12662,"pay":117158.54230996413,"fee":192261,"nC":53},"3-3":{"n":20507,"wins":0,"top10":9,"cash":4555,"pay":42462.49334009008,"fee":80882.25,"nC":53},"3-1":{"n":14154,"wins":2,"top10":6,"cash":2660,"pay":20550.61678880851,"fee":47311.75,"nC":53},"2-x":{"n":73666,"wins":2,"top10":18,"cash":13393,"pay":141162.68320221207,"fee":258401.25,"nC":53},"scattered":{"n":10005,"wins":1,"top10":1,"cash":1287,"pay":8352.161525039013,"fee":34579.5,"nC":53}}},"shapeRoi":{"small":{"fieldAvgRoiPct":0,"shapes":{}},"main":{"fieldAvgRoiPct":-15,"shapes":{"5-2":{"winLift":0.921,"top10Lift":1.063,"cashLift":0.985,"winPct":0.005,"top10Pct":0.1,"cashPct":22.7,"roiPct":-29.1,"nEntries":37343,"wins":2,"top10":38,"cash":8468,"nContests":10},"5-3":{"winLift":1.024,"top10Lift":0.98,"cashLift":1.017,"winPct":0.01,"top10Pct":0.08,"cashPct":23.5,"roiPct":-44.1,"nEntries":20230,"wins":2,"top10":17,"cash":4746,"nContests":10},"3-2":{"winLift":1.408,"top10Lift":1.032,"cashLift":1.117,"winPct":0.027,"top10Pct":0.11,"cashPct":26.3,"roiPct":-29.1,"nEntries":7447,"wins":2,"top10":8,"cash":1956,"nContests":10},"4-2":{"winLift":1.039,"top10Lift":0.963,"cashLift":0.946,"winPct":0.012,"top10Pct":0.06,"cashPct":21.5,"roiPct":123.6,"nEntries":8369,"wins":1,"top10":5,"cash":1801,"nContests":10},"4-4":{"winLift":1,"top10Lift":1.032,"cashLift":0.971,"winPct":0,"top10Pct":0.12,"cashPct":22,"roiPct":-41.4,"nEntries":3295,"wins":0,"top10":4,"cash":725,"nContests":10},"5-1":{"winLift":1,"top10Lift":0.972,"cashLift":1.013,"winPct":0,"top10Pct":0.08,"cashPct":23.4,"roiPct":-47.6,"nEntries":11813,"wins":0,"top10":9,"cash":2760,"nContests":10},"3-1":{"winLift":1.686,"top10Lift":1.019,"cashLift":1.019,"winPct":0.063,"top10Pct":0.13,"cashPct":23.9,"roiPct":-52.9,"nEntries":1579,"wins":1,"top10":2,"cash":378,"nContests":10},"4-1":{"winLift":1.396,"top10Lift":0.995,"cashLift":1.003,"winPct":0.04,"top10Pct":0.08,"cashPct":23.2,"roiPct":14,"nEntries":2483,"wins":1,"top10":2,"cash":575,"nContests":10},"2-x":{"winLift":1.025,"top10Lift":0.976,"cashLift":1.009,"winPct":0.011,"top10Pct":0.08,"cashPct":23.3,"roiPct":45.3,"nEntries":9269,"wins":1,"top10":7,"cash":2157,"nContests":10},"4-3":{"winLift":1,"top10Lift":1.023,"cashLift":0.968,"winPct":0,"top10Pct":0.1,"cashPct":22.1,"roiPct":-11.2,"nEntries":7791,"wins":0,"top10":8,"cash":1723,"nContests":10},"3-3":{"winLift":1,"top10Lift":0.987,"cashLift":0.964,"winPct":0,"top10Pct":0.06,"cashPct":21.7,"roiPct":-45.2,"nEntries":3077,"wins":0,"top10":2,"cash":668,"nContests":10},"scattered":{"winLift":1,"top10Lift":1,"cashLift":0.994,"winPct":0,"top10Pct":0,"cashPct":22.4,"roiPct":-50.4,"nEntries":544,"wins":0,"top10":0,"cash":122,"nContests":10}}},"large":{"fieldAvgRoiPct":-14.6,"shapes":{"5-2":{"winLift":1.408,"top10Lift":1.317,"cashLift":1.041,"winPct":0.012,"top10Pct":0.09,"cashPct":23.9,"roiPct":-2.9,"nEntries":208838,"wins":26,"top10":196,"cash":49864,"nContests":43},"4-1":{"winLift":1,"top10Lift":0.992,"cashLift":0.923,"winPct":0,"top10Pct":0.07,"cashPct":21,"roiPct":-29.5,"nEntries":18300,"wins":0,"top10":12,"cash":3838,"nContests":43},"5-3":{"winLift":0.814,"top10Lift":1.084,"cashLift":1.129,"winPct":0.004,"top10Pct":0.08,"cashPct":25.9,"roiPct":-9.6,"nEntries":111409,"wins":4,"top10":85,"cash":28880,"nContests":43},"5-1":{"winLift":1.05,"top10Lift":0.95,"cashLift":1.016,"winPct":0.009,"top10Pct":0.06,"cashPct":23.3,"roiPct":43.7,"nEntries":77825,"wins":7,"top10":48,"cash":18147,"nContests":43},"4-2":{"winLift":0.91,"top10Lift":1.006,"cashLift":1.002,"winPct":0.004,"top10Pct":0.07,"cashPct":23,"roiPct":-35.1,"nEntries":44994,"wins":2,"top10":31,"cash":10337,"nContests":43},"4-4":{"winLift":2.333,"top10Lift":1.117,"cashLift":1.056,"winPct":0.033,"top10Pct":0.09,"cashPct":24.3,"roiPct":11,"nEntries":17985,"wins":6,"top10":17,"cash":4378,"nContests":43},"3-2":{"winLift":1.005,"top10Lift":0.961,"cashLift":0.915,"winPct":0.008,"top10Pct":0.06,"cashPct":20.9,"roiPct":-23.1,"nEntries":36322,"wins":3,"top10":22,"cash":7584,"nContests":43},"4-3":{"winLift":0.948,"top10Lift":0.87,"cashLift":1.043,"winPct":0.007,"top10Pct":0.04,"cashPct":24,"roiPct":-44.1,"nEntries":45658,"wins":3,"top10":18,"cash":10939,"nContests":43},"3-3":{"winLift":1,"top10Lift":0.939,"cashLift":0.975,"winPct":0,"top10Pct":0.04,"cashPct":22.3,"roiPct":-47.9,"nEntries":17430,"wins":0,"top10":7,"cash":3887,"nContests":43},"3-1":{"winLift":0.998,"top10Lift":0.952,"cashLift":0.822,"winPct":0.008,"top10Pct":0.03,"cashPct":18.1,"roiPct":-57,"nEntries":12575,"wins":1,"top10":4,"cash":2282,"nContests":43},"2-x":{"winLift":0.91,"top10Lift":0.839,"cashLift":0.769,"winPct":0.002,"top10Pct":0.02,"cashPct":17.4,"roiPct":-58.5,"nEntries":64397,"wins":1,"top10":11,"cash":11236,"nContests":43},"scattered":{"winLift":1.034,"top10Lift":0.979,"cashLift":0.655,"winPct":0.011,"top10Pct":0.01,"cashPct":12.3,"roiPct":-77.1,