{"schemaVersion":2,"sport":"mlb","generatedAt":"2026-07-02T13:11:31.759Z","raw":{"buckets":{"large":{"5-2":{"n":216227,"wins":27,"top10":202,"cash":51873,"pay":639669.578142119,"fee":681748,"nC":46},"4-1":{"n":19247,"wins":0,"top10":13,"cash":4013,"pay":42802.7090892382,"fee":64361.5,"nC":46},"5-3":{"n":115683,"wins":4,"top10":97,"cash":30112,"pay":373744.18295975256,"fee":405984,"nC":46},"5-1":{"n":80957,"wins":7,"top10":52,"cash":18954,"pay":385386.7524586897,"fee":280007,"nC":46},"4-2":{"n":47169,"wins":3,"top10":32,"cash":10834,"pay":156121.77910234302,"fee":169714.75,"nC":46},"4-4":{"n":18623,"wins":6,"top10":17,"cash":4561,"pay":86159.06653806157,"fee":80187.25,"nC":46},"3-2":{"n":38197,"wins":3,"top10":22,"cash":7964,"pay":109198.25494947206,"fee":148057.25,"nC":46},"4-3":{"n":47560,"wins":4,"top10":23,"cash":11370,"pay":97150.37756928794,"fee":176597.25,"nC":46},"3-3":{"n":18245,"wins":0,"top10":7,"cash":4053,"pay":37931.07379082382,"fee":74386.5,"nC":46},"3-1":{"n":13293,"wins":1,"top10":4,"cash":2389,"pay":18877.89059833232,"fee":45464,"nC":46},"2-x":{"n":67661,"wins":1,"top10":12,"cash":11720,"pay":97460.97179436256,"fee":241598,"nC":46},"scattered":{"n":10042,"wins":1,"top10":1,"cash":1231,"pay":8025.363007518797,"fee":35692.75,"nC":46}},"main":{"5-2":{"n":55493,"wins":3,"top10":51,"cash":12779,"pay":178737.28981912156,"fee":169796.5,"nC":16},"5-3":{"n":28038,"wins":3,"top10":29,"cash":6850,"pay":64166.38037066059,"fee":97443,"nC":16},"3-2":{"n":11975,"wins":4,"top10":13,"cash":2868,"pay":28735.709219694163,"fee":43266,"nC":16},"4-2":{"n":13646,"wins":2,"top10":13,"cash":3238,"pay":76874.12074757005,"fee":46562.5,"nC":16},"4-4":{"n":4715,"wins":0,"top10":6,"cash":1105,"pay":12559.127275249723,"fee":19380.75,"nC":16},"5-1":{"n":20578,"wins":1,"top10":17,"cash":4868,"pay":40229.630872543414,"fee":71824.75,"nC":16},"3-1":{"n":2803,"wins":1,"top10":2,"cash":627,"pay":4229.142857142857,"fee":9396,"nC":16},"4-1":{"n":4628,"wins":1,"top10":4,"cash":1153,"pay":13289.822595704949,"fee":15138.5,"nC":16},"2-x":{"n":15248,"wins":1,"top10":9,"cash":3210,"pay":55778.6951636768,"fee":53760.75,"nC":16},"4-3":{"n":12426,"wins":0,"top10":15,"cash":2893,"pay":36482.25817501959,"fee":45919.25,"nC":16},"3-3":{"n":5047,"wins":0,"top10":2,"cash":1151,"pay":9676.9516005483,"fee":20101.5,"nC":16},"scattered":{"n":979,"wins":0,"top10":0,"cash":180,"pay":1220.2985175202157,"fee":3176.25,"nC":16}},"small":{"5-2":{"n":12840,"wins":3,"top10":18,"cash":3106,"pay":34684.081262732354,"fee":37956.75,"nC":5},"4-3":{"n":3914,"wins":2,"top10":11,"cash":915,"pay":33022.50346002037,"fee":13358.25,"nC":5},"5-3":{"n":4376,"wins":0,"top10":11,"cash":1165,"pay":11026.81744811561,"fee":14905,"nC":5},"3-3":{"n":2180,"wins":0,"top10":0,"cash":497,"pay":3721.1461277692897,"fee":9067.75,"nC":5},"3-2":{"n":4509,"wins":0,"top10":1,"cash":989,"pay":8301.951433982682,"fee":16453.25,"nC":5},"5-1":{"n":4068,"wins":0,"top10":8,"cash":975,"pay":16651.86639451235,"fee":17573.75,"nC":5},"4-2":{"n":4686,"wins":0,"top10":2,"cash":952,"pay":6899.19696969697,"fee":17552.75,"nC":5},"4-4":{"n":950,"wins":0,"top10":2,"cash":240,"pay":4124.450757575758,"fee":3936.75,"nC":5},"4-1":{"n":850,"wins":0,"top10":0,"cash":167,"pay":1263.4415584415585,"fee":3385.5,"nC":5},"2-x":{"n":2689,"wins":0,"top10":2,"cash":556,"pay":3839.9374442959,"fee":9640.75,"nC":5},"3-1":{"n":369,"wins":0,"top10":0,"cash":72,"pay":439.10714285714283,"fee":1245.5,"nC":5},"scattered":{"n":14,"wins":0,"top10":0,"cash":2,"pay":23.5,"fee":35,"nC":4}}},"global":{"5-2":{"n":284560,"wins":33,"top10":271,"cash":67758,"pay":853090.9492239704,"fee":889501.25,"nC":67},"4-1":{"n":24725,"wins":1,"top10":17,"cash":5333,"pay":57355.9732433847,"fee":82885.5,"nC":67},"5-3":{"n":148097,"wins":7,"top10":137,"cash":38127,"pay":448937.3807785283,"fee":518332,"nC":67},"5-1":{"n":105603,"wins":8,"top10":77,"cash":24797,"pay":442268.2497257456,"fee":369405.5,"nC":67},"4-2":{"n":65501,"wins":5,"top10":47,"cash":15024,"pay":239895.09681960964,"fee":233830,"nC":67},"4-4":{"n":24288,"wins":6,"top10":25,"cash":5906,"pay":102842.64457088712,"fee":103504.75,"nC":67},"3-2":{"n":54681,"wins":7,"top10":36,"cash":11821,"pay":146235.91560314895,"fee":207776.5,"nC":67},"4-3":{"n":63900,"wins":6,"top10":49,"cash":15178,"pay":166655.13920432795,"fee":235874.75,"nC":67},"3-3":{"n":25472,"wins":0,"top10":9,"cash":5701,"pay":51329.171519141426,"fee":103555.75,"nC":67},"3-1":{"n":16465,"wins":2,"top10":6,"cash":3088,"pay":23546.140598332317,"fee":56105.5,"nC":67},"2-x":{"n":85598,"wins":2,"top10":23,"cash":15486,"pay":157079.60440233548,"fee":304999.5,"nC":67},"scattered":{"n":11035,"wins":1,"top10":1,"cash":1413,"pay":9269.161525039013,"fee":38904,"nC":66}}},"shapeRoi":{"small":{"fieldAvgRoiPct":-14.5,"shapes":{"5-2":{"winLift":1.255,"top10Lift":1.017,"cashLift":1.036,"winPct":0.023,"top10Pct":0.14,"cashPct":24.2,"roiPct":-8.6,"nEntries":12840,"wins":3,"top10":18,"cash":3106,"nContests":5},"4-3":{"winLift":1.647,"top10Lift":1.241,"cashLift":1.004,"winPct":0.051,"top10Pct":0.28,"cashPct":23.4,"roiPct":147.2,"nEntries":3914,"wins":2,"top10":11,"cash":915,"nContests":5},"5-3":{"winLift":1,"top10Lift":1.193,"cashLift":1.108,"winPct":0,"top10Pct":0.25,"cashPct":26.6,"roiPct":-26,"nEntries":4376,"wins":0,"top10":11,"cash":1165,"nContests":5},"3-3":{"winLift":1,"top10Lift":1,"cashLift":0.989,"winPct":0,"top10Pct":0,"cashPct":22.8,"roiPct":-59,"nEntries":2180,"wins":0,"top10":0,"cash":497,"nContests":5},"3-2":{"winLift":1,"top10Lift":0.98,"cashLift":0.96,"winPct":0,"top10Pct":0.02,"cashPct":21.9,"roiPct":-49.5,"nEntries":4509,"wins":0,"top10":1,"cash":989,"nContests":5},"5-1":{"winLift":1,"top10Lift":1.08,"cashLift":1.022,"winPct":0,"top10Pct":0.2,"cashPct":24,"roiPct":-5.2,"nEntries":4068,"wins":0,"top10":8,"cash":975,"nContests":5},"4-2":{"winLift":1,"top10Lift":0.968,"cashLift":0.911,"winPct":0,"top10Pct":0.04,"cashPct":20.3,"roiPct":-60.7,"nEntries":4686,"wins":0,"top10":2,"cash":952,"nContests":5},"4-4":{"winLift":1,"top10Lift":1.028,"cashLift":1.032,"winPct":0,"top10Pct":0.21,"cashPct":25.3,"roiPct":4.8,"nEntries":950,"wins":0,"top10":2,"cash":240,"nContests":5},"4-1":{"winLift":1,"top10Lift":1,"cashLift":0.954,"winPct":0,"top10Pct":0,"cashPct":19.6,"roiPct":-62.7,"nEntries":850,"wins":0,"top10":0,"cash":167,"nContests":5},"2-x":{"winLift":1,"top10Lift":0.979,"cashLift":0.936,"winPct":0,"top10Pct":0.07,"cashPct":20.7,"roiPct":-60.2,"nEntries":2689,"wins":0,"top10":2,"cash":556,"nContests":5},"3-1":{"winLift":1,"top10Lift":1,"cashLift":0.975,"winPct":0,"top10Pct":0,"cashPct":19.5,"roiPct":-64.7,"nEntries":369,"wins":0,"top10":0,"cash":72,"nContests":5},"scattered":{"winLift":1,"top10Lift":1,"cashLift":0.998,"winPct":0,"top10Pct":0,"cashPct":14.3,"roiPct":-32.9,"nEntries":14,"wins":0,"top10":0,"cash":2,"nContests":4}}},"main":{"fieldAvgRoiPct":-12.4,"shapes":{"5-2":{"winLift":0.889,"top10Lift":1.001,"cashLift":0.988,"winPct":0.005,"top10Pct":0.09,"cashPct":23,"roiPct":5.3,"nEntries":55493,"wins":3,"top10":51,"cash":12779,"nContests":16},"5-3":{"winLift":1.047,"top10Lift":1.054,"cashLift":1.046,"winPct":0.011,"top10Pct":0.1,"cashPct":24.4,"roiPct":-34.1,"nEntries":28038,"wins":3,"top10":29,"cash":6850,"nContests":16},"3-2":{"winLift":1.888,"top10Lift":1.045,"cashLift":1.024,"winPct":0.033,"top10Pct":0.11,"cashPct":23.9,"roiPct":-33.6,"nEntries":11975,"wins":4,"top10":13,"cash":2868,"nContests":16},"4-2":{"winLift":1.122,"top10Lift":1.01,"cashLift":1.016,"winPct":0.015,"top10Pct":0.1,"cashPct":23.7,"roiPct":65.1,"nEntries":13646,"wins":2,"top10":13,"cash":3238,"nContests":16},"4-4":{"winLift":1,"top10Lift":1.051,"cashLift":1.004,"winPct":0,"top10Pct":0.13,"cashPct":23.4,"roiPct":-35.2,"nEntries":4715,"wins":0,"top10":6,"cash":1105,"nContests":16},"5-1":{"winLift":0.948,"top10Lift":0.97,"cashLift":1.014,"winPct":0.005,"top10Pct":0.08,"cashPct":23.7,"roiPct":-44,"nEntries":20578,"wins":1,"top10":17,"cash":4868,"nContests":16},"3-1":{"winLift":1.324,"top10Lift":0.989,