{"schemaVersion":2,"sport":"mlb","generatedAt":"2026-07-01T15:40:52.900Z","raw":{"buckets":{"large":{"5-2":{"n":109334,"wins":18,"top10":127,"cash":26196,"pay":418575.5333324248,"fee":323429.25,"nC":25},"4-1":{"n":9269,"wins":0,"top10":3,"cash":1803,"pay":13076.100258799175,"fee":31497.25,"nC":25},"5-3":{"n":59624,"wins":1,"top10":48,"cash":15790,"pay":140363.76005001614,"fee":186664,"nC":25},"5-1":{"n":40087,"wins":2,"top10":25,"cash":9329,"pay":142197.02889854755,"fee":137027.75,"nC":25},"4-2":{"n":23171,"wins":2,"top10":16,"cash":5249,"pay":44047.8411762967,"fee":79788.5,"nC":25},"4-4":{"n":9550,"wins":6,"top10":12,"cash":2456,"pay":64155.20751529401,"fee":38704.25,"nC":25},"3-2":{"n":18705,"wins":3,"top10":12,"cash":4213,"pay":40505.44709441492,"fee":72772.25,"nC":25},"4-3":{"n":23434,"wins":1,"top10":11,"cash":5593,"pay":45481.13986133765,"fee":84877.25,"nC":25},"3-3":{"n":8866,"wins":0,"top10":4,"cash":2094,"pay":19146.875185523488,"fee":35662.5,"nC":25},"3-1":{"n":6566,"wins":1,"top10":1,"cash":1249,"pay":9681.18816539541,"fee":24254.75,"nC":25},"2-x":{"n":34624,"wins":1,"top10":9,"cash":5919,"pay":57052.92545443011,"fee":129154.75,"nC":25},"scattered":{"n":6143,"wins":1,"top10":1,"cash":700,"pay":4909.953007518797,"fee":22501,"nC":25}},"main":{"5-2":{"n":11632,"wins":1,"top10":10,"cash":2620,"pay":7398.729166666666,"fee":9353.5,"nC":3},"5-3":{"n":5998,"wins":0,"top10":4,"cash":1380,"pay":4483.395833333334,"fee":5390.5,"nC":3},"3-2":{"n":2589,"wins":1,"top10":2,"cash":645,"pay":3343.270833333333,"fee":2513,"nC":3},"4-2":{"n":2692,"wins":0,"top10":2,"cash":649,"pay":1819.375,"fee":2467.5,"nC":3},"4-4":{"n":925,"wins":0,"top10":1,"cash":184,"pay":572.0416666666667,"fee":939.5,"nC":3},"5-1":{"n":3481,"wins":0,"top10":3,"cash":871,"pay":2180.125,"fee":3180.5,"nC":3},"3-1":{"n":488,"wins":1,"top10":2,"cash":137,"pay":453.75,"fee":469.25,"nC":3},"4-1":{"n":718,"wins":0,"top10":0,"cash":186,"pay":533.875,"fee":670.75,"nC":3},"2-x":{"n":3064,"wins":0,"top10":5,"cash":853,"pay":3517.4375,"fee":2928,"nC":3},"4-3":{"n":2357,"wins":0,"top10":1,"cash":548,"pay":1448.125,"fee":2205.75,"nC":3},"3-3":{"n":998,"wins":0,"top10":0,"cash":228,"pay":612.125,"fee":1035,"nC":3},"scattered":{"n":165,"wins":0,"top10":0,"cash":51,"pay":137.25,"fee":141.75,"nC":3}}},"global":{"5-2":{"n":120966,"wins":19,"top10":137,"cash":28816,"pay":425974.2624990915,"fee":332782.75,"nC":28},"4-1":{"n":9987,"wins":0,"top10":3,"cash":1989,"pay":13609.975258799175,"fee":32168,"nC":28},"5-3":{"n":65622,"wins":1,"top10":52,"cash":17170,"pay":144847.15588334945,"fee":192054.5,"nC":28},"5-1":{"n":43568,"wins":2,"top10":28,"cash":10200,"pay":144377.15389854755,"fee":140208.25,"nC":28},"4-2":{"n":25863,"wins":2,"top10":18,"cash":5898,"pay":45867.2161762967,"fee":82256,"nC":28},"4-4":{"n":10475,"wins":6,"top10":13,"cash":2640,"pay":64727.24918196067,"fee":39643.75,"nC":28},"3-2":{"n":21294,"wins":4,"top10":14,"cash":4858,"pay":43848.71792774825,"fee":75285.25,"nC":28},"4-3":{"n":25791,"wins":1,"top10":12,"cash":6141,"pay":46929.26486133765,"fee":87083,"nC":28},"3-3":{"n":9864,"wins":0,"top10":4,"cash":2322,"pay":19759.000185523488,"fee":36697.5,"nC":28},"3-1":{"n":7054,"wins":2,"top10":3,"cash":1386,"pay":10134.93816539541,"fee":24724,"nC":28},"2-x":{"n":37688,"wins":1,"top10":14,"cash":6772,"pay":60570.36295443011,"fee":132082.75,"nC":28},"scattered":{"n":6308,"wins":1,"top10":1,"cash":751,"pay":5047.203007518797,"fee":22642.75,"nC":28}}},"shapeRoi":{"small":{"fieldAvgRoiPct":0,"shapes":{}},"main":{"fieldAvgRoiPct":-15.3,"shapes":{"5-2":{"winLift":1.001,"top10Lift":1.001,"cashLift":0.954,"winPct":0.009,"top10Pct":0.09,"cashPct":22.5,"roiPct":-20.9,"nEntries":11632,"wins":1,"top10":10,"cash":2620,"nContests":3},"5-3":{"winLift":1,"top10Lift":0.98,"cashLift":0.975,"winPct":0,"top10Pct":0.07,"cashPct":23,"roiPct":-16.8,"nEntries":5998,"wins":0,"top10":4,"cash":1380,"nContests":3},"3-2":{"winLift":1.391,"top10Lift":0.995,"cashLift":1.029,"winPct":0.039,"top10Pct":0.08,"cashPct":24.9,"roiPct":33,"nEntries":2589,"wins":1,"top10":2,"cash":645,"nContests":3},"4-2":{"winLift":1,"top10Lift":0.994,"cashLift":1.008,"winPct":0,"top10Pct":0.07,"cashPct":24.1,"roiPct":-26.3,"nEntries":2692,"wins":0,"top10":2,"cash":649,"nContests":3},"4-4":{"winLift":1,"top10Lift":1.006,"cashLift":0.948,"winPct":0,"top10Pct":0.11,"cashPct":19.9,"roiPct":-39.1,"nEntries":925,"wins":0,"top10":1,"cash":184,"nContests":3},"5-1":{"winLift":1,"top10Lift":1.001,"cashLift":1.035,"winPct":0,"top10Pct":0.09,"cashPct":25,"roiPct":-31.5,"nEntries":3481,"wins":0,"top10":3,"cash":871,"nContests":3},"3-1":{"winLift":3,"top10Lift":1.181,"cashLift":1.046,"winPct":0.205,"top10Pct":0.41,"cashPct":28.1,"roiPct":-3.3,"nEntries":488,"wins":1,"top10":2,"cash":137,"nContests":3},"4-1":{"winLift":1,"top10Lift":1,"cashLift":1.028,"winPct":0,"top10Pct":0,"cashPct":25.9,"roiPct":-20.4,"nEntries":718,"wins":0,"top10":0,"cash":186,"nContests":3},"2-x":{"winLift":1,"top10Lift":1.101,"cashLift":1.116,"winPct":0,"top10Pct":0.16,"cashPct":27.8,"roiPct":20.1,"nEntries":3064,"wins":0,"top10":5,"cash":853,"nContests":3},"4-3":{"winLift":1,"top10Lift":0.988,"cashLift":0.987,"winPct":0,"top10Pct":0.04,"cashPct":23.2,"roiPct":-34.3,"nEntries":2357,"wins":0,"top10":1,"cash":548,"nContests":3},"3-3":{"winLift":1,"top10Lift":1,"cashLift":0.986,"winPct":0,"top10Pct":0,"cashPct":22.8,"roiPct":-40.9,"nEntries":998,"wins":0,"top10":0,"cash":228,"nContests":3},"scattered":{"winLift":1,"top10Lift":1,"cashLift":1.034,"winPct":0,"top10Pct":0,"cashPct":30.9,"roiPct":-3.2,"nEntries":165,"wins":0,"top10":0,"cash":51,"nContests":3}}},"large":{"fieldAvgRoiPct":-14.3,"shapes":{"5-2":{"winLift":1.414,"top10Lift":1.387,"cashLift":1.038,"winPct":0.016,"top10Pct":0.12,"cashPct":24,"roiPct":29.4,"nEntries":109334,"wins":18,"top10":127,"cash":26196,"nContests":25},"4-1":{"winLift":1,"top10Lift":0.96,"cashLift":0.872,"winPct":0,"top10Pct":0.03,"cashPct":19.5,"roiPct":-58.5,"nEntries":9269,"wins":0,"top10":3,"cash":1803,"nContests":25},"5-3":{"winLift":0.907,"top10Lift":1.025,"cashLift":1.144,"winPct":0.002,"top10Pct":0.08,"cashPct":26.5,"roiPct":-24.8,"nEntries":59624,"wins":1,"top10":48,"cash":15790,"nContests":25},"5-1":{"winLift":0.897,"top10Lift":0.927,"cashLift":1.009,"winPct":0.005,"top10Pct":0.06,"cashPct":23.3,"roiPct":3.8,"nEntries":40087,"wins":2,"top10":25,"cash":9329,"nContests":25},"4-2":{"winLift":0.968,"top10Lift":0.971,"cashLift":0.983,"winPct":0.009,"top10Pct":0.07,"cashPct":22.7,"roiPct":-44.8,"nEntries":23171,"wins":2,"top10":16,"cash":5249,"nContests":25},"4-4":{"winLift":3,"top10Lift":1.146,"cashLift":1.099,"winPct":0.063,"top10Pct":0.13,"cashPct":25.7,"roiPct":65.8,"nEntries":9550,"wins":6,"top10":12,"cash":2456,"nContests":25},"3-2":{"winLift":1.152,"top10Lift":0.962,"cashLift":0.978,"winPct":0.016,"top10Pct":0.06,"cashPct":22.5,"roiPct":-44.3,"nEntries":18705,"wins":3,"top10":12,"cash":4213,"nContests":25},"4-3":{"winLift":0.935,"top10Lift":0.916,"cashLift":1.032,"winPct":0.004,"top10Pct":0.05,"cashPct":23.9,"roiPct":-46.4,"nEntries":23434,"wins":1,"top10":11,"cash":5593,"nContests":25},"3-3":{"winLift":1,"top10Lift":0.962,"cashLift":1.02,"winPct":0,"top10Pct":0.05,"cashPct":23.6,"roiPct":-46.3,"nEntries":8866,"wins":0,"top10":4,"cash":2094,"nContests":25},"3-1":{"winLift":1.053,"top10Lift":0.98,"cashLift":0.867,"winPct":0.015,"top10Pct":0.02,"cashPct":19,"roiPct":-60.1,"nEntries":6566,"wins":1,"top10":1,"cash":1249,"nContests":25},"2-x":{"winLift":0.92,"top10Lift":0.878,"cashLift":0.757,"winPct":0.003,"top10Pct":0.03,"cashPct":17.1,"roiPct":-55.8,"nEntries":34624,"wins":1,"top10":9,"cash":5919,"nContests":25},"scattered":{"winLift":1.064,"top10Lift":0.981,"cashLift":0.678,"winPct":0.016,"top10Pct":0.02,"cashPct":11.4,"roiPct":-78.2,"nEntries":6143,"wins":1,"top10":1,"cash":700,"nContests":25}}},"showdown":{"fieldAvgRoiPct":0,"shapes":{}},"global":{"fieldAvgRoiPct":-14.4,"shapes":{"5-2":{"winLift":1.386,"top10Lift":1.353,"cashLift":1.029,"winPct":0.016,