{"schemaVersion":2,"sport":"mlb","generatedAt":"2026-07-02T14:13:07.335Z","raw":{"buckets":{"main":{"5-1":{"n":21062,"wins":1,"top10":18,"cash":4671,"pay":45670.4269971085,"fee":74627.5,"nC":15},"4-2":{"n":14879,"wins":4,"top10":13,"cash":3124,"pay":128807.98682933312,"fee":54141.5,"nC":15},"5-2":{"n":54155,"wins":3,"top10":56,"cash":12750,"pay":114961.71265361477,"fee":165763.75,"nC":15},"4-3":{"n":12736,"wins":0,"top10":10,"cash":2879,"pay":35235.96102556942,"fee":48805,"nC":15},"3-2":{"n":13212,"wins":2,"top10":11,"cash":3223,"pay":27513.40183632084,"fee":47814.5,"nC":15},"5-3":{"n":26826,"wins":2,"top10":23,"cash":6349,"pay":63098.18460890317,"fee":86143.25,"nC":15},"2-x":{"n":15715,"wins":1,"top10":12,"cash":3615,"pay":58681.548417606784,"fee":57421.75,"nC":15},"3-3":{"n":5577,"wins":0,"top10":2,"cash":1225,"pay":10795.740793108613,"fee":21370.75,"nC":15},"4-4":{"n":4323,"wins":0,"top10":4,"cash":996,"pay":9924.771528123285,"fee":17008.5,"nC":15},"3-1":{"n":3010,"wins":1,"top10":2,"cash":663,"pay":5279.060850069471,"fee":11116,"nC":15},"4-1":{"n":5065,"wins":1,"top10":3,"cash":1087,"pay":13210.155942721918,"fee":18031.75,"nC":15},"scattered":{"n":1063,"wins":0,"top10":0,"cash":219,"pay":1318.5485175202157,"fee":3271,"nC":15}},"large":{"5-2":{"n":128575,"wins":9,"top10":133,"cash":30380,"pay":452605.6299507332,"fee":390799.75,"nC":27},"4-1":{"n":11272,"wins":0,"top10":4,"cash":2290,"pay":27425.469607804604,"fee":38518.75,"nC":27},"5-3":{"n":68353,"wins":3,"top10":50,"cash":17688,"pay":209148.82508782632,"fee":221933.5,"nC":27},"5-1":{"n":47015,"wins":2,"top10":25,"cash":10849,"pay":155484.68727023905,"fee":167144.25,"nC":27},"4-2":{"n":27879,"wins":2,"top10":20,"cash":6385,"pay":73934.59045707925,"fee":98610,"nC":27},"4-4":{"n":10893,"wins":4,"top10":14,"cash":2699,"pay":67641.28543737193,"fee":45868.25,"nC":27},"3-2":{"n":22011,"wins":1,"top10":12,"cash":4780,"pay":45164.35136656681,"fee":86447.75,"nC":27},"4-3":{"n":27860,"wins":1,"top10":13,"cash":6621,"pay":55964.556829390676,"fee":103172.75,"nC":27},"3-3":{"n":10540,"wins":0,"top10":4,"cash":2407,"pay":22700.11874338968,"fee":43044.5,"nC":27},"3-1":{"n":7512,"wins":1,"top10":2,"cash":1444,"pay":12037.628110734879,"fee":27720.25,"nC":27},"2-x":{"n":39618,"wins":1,"top10":11,"cash":6774,"pay":66518.40413134392,"fee":147874.25,"nC":27},"scattered":{"n":6678,"wins":1,"top10":1,"cash":771,"pay":5538.453007518797,"fee":24623.5,"nC":27}}},"global":{"5-1":{"n":68077,"wins":3,"top10":43,"cash":15520,"pay":201155.11426734767,"fee":241771.75,"nC":42},"4-2":{"n":42758,"wins":6,"top10":33,"cash":9509,"pay":202742.5772864122,"fee":152751.5,"nC":42},"5-2":{"n":182730,"wins":12,"top10":189,"cash":43130,"pay":567567.3426043481,"fee":556563.5,"nC":42},"4-3":{"n":40596,"wins":1,"top10":23,"cash":9500,"pay":91200.51785496011,"fee":151977.75,"nC":42},"3-2":{"n":35223,"wins":3,"top10":23,"cash":8003,"pay":72677.75320288766,"fee":134262.25,"nC":42},"5-3":{"n":95179,"wins":5,"top10":73,"cash":24037,"pay":272247.00969672966,"fee":308076.75,"nC":42},"2-x":{"n":55333,"wins":2,"top10":23,"cash":10389,"pay":125199.95254895074,"fee":205296,"nC":42},"3-3":{"n":16117,"wins":0,"top10":6,"cash":3632,"pay":33495.85953649826,"fee":64415.25,"nC":42},"4-4":{"n":15216,"wins":4,"top10":18,"cash":3695,"pay":77566.05696549526,"fee":62876.75,"nC":42},"3-1":{"n":10522,"wins":2,"top10":4,"cash":2107,"pay":17316.68896080435,"fee":38836.25,"nC":42},"4-1":{"n":16337,"wins":1,"top10":7,"cash":3377,"pay":40635.625550526514,"fee":56550.5,"nC":42},"scattered":{"n":7741,"wins":1,"top10":1,"cash":990,"pay":6857.001525039012,"fee":27894.5,"nC":42}},"winKeys":{"2026-07-01|e2553650e1994360":1,"2026-07-01|908f37915ffe7d5c":1,"2026-07-01|b06bfa39aae69ad0":1,"2026-07-01|ae59448656e4e730":1,"2026-07-01|3dd1300f2dc711c0":1,"2026-06-30|ba13a047375e3076":1,"2026-06-30|cebc0ac9c36e4a39":1,"2026-06-30|87775c99928a5258":1,"2026-06-30|485dbd13aaf496f6":1,"2026-06-30|54ea2386a7a31cbc":1,"2026-06-29|85c7a68bb5f225f4":1,"2026-06-29|91068debba38bd87":1,"2026-06-29|bbf7cbd92f4dfa64":1,"2026-06-28|af39403287d801b2":1,"2026-06-28|b1aea23f8c06911f":1,"2026-06-28|e4bca07843616594":1,"2026-06-28|58842cb4808a795f":1,"2026-06-28|800345dcb0aa1dee":1,"2026-06-27|c328e6e90dd6b56b":1,"2026-06-27|497b9eee9c645de5":1,"2026-06-27|91c0918f22c9d9a1":1,"2026-06-27|fe1a4dc6e663ef02":1,"2026-06-27|ebcfadb34ce6d605":1,"2026-06-26|e6c7e17bfc75ed60":1,"2026-06-26|911b0e6e1f7d4a80":1,"2026-06-26|3efe5bee419d83e8":1,"2026-06-26|cb1c97d85bd2efde":1,"2026-06-26|82b08d8ddb99e31b":1,"2026-06-25|8ac5250f35bdd183":1,"2026-06-25|026beab33acbb46d":1,"2026-06-25|60a00cc1d8e3981b":1,"2026-06-25|b36694e42093e2ce":1,"2026-06-25|652af9d99d84f4b7":1,"2026-06-24|9ca92d76a52f2e13":1,"2026-06-24|d9d62e30a4147842":1,"2026-06-24|89ca1e67a396c7ae":1,"2026-06-24|0e4fb1e17cb27ac4":1,"2026-06-24|4be39fc0c7e01658":1,"2026-06-23|b1d6dec01d2a1a14":1,"2026-06-23|68eca8be72654e99":1}},"shapeRoi":{"small":{"fieldAvgRoiPct":0,"shapes":{}},"main":{"fieldAvgRoiPct":-15,"shapes":{"5-1":{"winLift":0.951,"top10Lift":0.996,"cashLift":0.968,"winPct":0.005,"top10Pct":0.09,"cashPct":22.2,"roiPct":-38.8,"nEntries":21062,"wins":1,"top10":18,"cash":4671,"nContests":15},"4-2":{"winLift":1.728,"top10Lift":1.002,"cashLift":0.924,"winPct":0.027,"top10Pct":0.09,"cashPct":21,"roiPct":137.9,"nEntries":14879,"wins":4,"top10":13,"cash":3124,"nContests":15},"5-2":{"winLift":0.906,"top10Lift":1.112,"cashLift":1.024,"winPct":0.006,"top10Pct":0.1,"cashPct":23.5,"roiPct":-30.6,"nEntries":54155,"wins":3,"top10":56,"cash":12750,"nContests":15},"4-3":{"winLift":1,"top10Lift":0.981,"cashLift":0.986,"winPct":0,"top10Pct":0.08,"cashPct":22.6,"roiPct":-27.8,"nEntries":12736,"wins":0,"top10":10,"cash":2879,"nContests":15},"3-2":{"winLift":1.159,"top10Lift":0.991,"cashLift":1.055,"winPct":0.015,"top10Pct":0.08,"cashPct":24.4,"roiPct":-42.5,"nEntries":13212,"wins":2,"top10":11,"cash":3223,"nContests":15},"5-3":{"winLift":0.977,"top10Lift":0.996,"cashLift":1.029,"winPct":0.007,"top10Pct":0.09,"cashPct":23.7,"roiPct":-26.8,"nEntries":26826,"wins":2,"top10":23,"cash":6349,"nContests":15},"2-x":{"winLift":0.973,"top10Lift":0.972,"cashLift":1.001,"winPct":0.006,"top10Pct":0.08,"cashPct":23,"roiPct":2.2,"nEntries":15715,"wins":1,"top10":12,"cash":3615,"nContests":15},"3-3":{"winLift":1,"top10Lift":0.972,"cashLift":0.967,"winPct":0,"top10Pct":0.04,"cashPct":22,"roiPct":-49.5,"nEntries":5577,"wins":0,"top10":2,"cash":1225,"nContests":15},"4-4":{"winLift":1,"top10Lift":1.006,"cashLift":1.002,"winPct":0,"top10Pct":0.09,"cashPct":23,"roiPct":-41.6,"nEntries":4323,"wins":0,"top10":4,"cash":996,"nContests":15},"3-1":{"winLift":1.326,"top10Lift":0.989,"cashLift":0.974,"winPct":0.033,"top10Pct":0.07,"cashPct":22,"roiPct":-52.5,"nEntries":3010,"wins":1,"top10":2,"cash":663,"nContests":15},"4-1":{"winLift":1.149,"top10Lift":0.978,"cashLift":0.952,"winPct":0.02,"top10Pct":0.06,"cashPct":21.5,"roiPct":-26.7,"nEntries":5065,"wins":1,"top10":3,"cash":1087,"nContests":15},"scattered":{"winLift":1,"top10Lift":1,"cashLift":0.964,"winPct":0,"top10Pct":0,"cashPct":20.6,"roiPct":-59.7,"nEntries":1063,"wins":0,"top10":0,"cash":219,"nContests":15}}},"large":{"fieldAvgRoiPct":-14.4,"shapes":{"5-2":{"winLift":1.076,"top10Lift":1.354,"cashLift":1.036,"winPct":0.007,"top10Pct":0.1,"cashPct":23.6,"roiPct":15.8,"nEntries":128575,"wins":9,"top10":133,"cash":30380,"nContests":27},"4-1":{"winLift":1,"top10Lift":0.955,"cashLift":0.907,"winPct":0,"top10Pct":0.04,"cashPct":20.3,"roiPct":-28.8,"nEntries":11272,"wins":0,"top10":4,"cash":2290,"nContests":27},"5-3":{"winLift":0.923,"top10Lift":1.018,"cashLift":1.132,"winPct":0.004,"top10Pct":0.07,"cashPct":25.9,"roiPct":-5.8,"nEntries":68353,"wins":3,"top10":50,"cash":17688,"nContests":27},"5-1":{"winLift":0.939,"top10Lift":0.904,"cashLift":1.011,"winPct":0.004,"top10Pct":0.05,"cashPct":23.1,"roiPct":-7,"nEntries":47015,"wins":2,"top10":25,"cash":10849,"nContests":27},"4-2":{"winLift":1.034,"top10Lift":1.004,"cashLift":1.004,"winPct":0.007,