{"schemaVersion":2,"sport":"mlb","generatedAt":"2026-07-01T15:42:06.519Z","raw":{"buckets":{"large":{"5-2":{"n":130900,"wins":19,"top10":139,"cash":30998,"pay":453259.5785221618,"fee":391381,"nC":28},"4-1":{"n":11658,"wins":0,"top10":5,"cash":2425,"pay":27590.478179233178,"fee":38615.25,"nC":28},"5-3":{"n":69531,"wins":3,"top10":51,"cash":17993,"pay":209386.2650878263,"fee":222228,"nC":28},"5-1":{"n":48054,"wins":2,"top10":25,"cash":11153,"pay":155715.46155595334,"fee":167404,"nC":28},"4-2":{"n":28679,"wins":2,"top10":22,"cash":6582,"pay":74138.07474279354,"fee":98810,"nC":28},"4-4":{"n":11128,"wins":6,"top10":14,"cash":2733,"pay":67670.61543737193,"fee":45927,"nC":28},"3-2":{"n":22714,"wins":3,"top10":12,"cash":4925,"pay":45264.35136656681,"fee":86623.5,"nC":28},"4-3":{"n":28588,"wins":1,"top10":13,"cash":6777,"pay":56085.13682939068,"fee":103354.75,"nC":28},"3-3":{"n":10808,"wins":0,"top10":4,"cash":2458,"pay":22731.188743389688,"fee":43111.5,"nC":28},"3-1":{"n":7785,"wins":1,"top10":2,"cash":1505,"pay":12078.878110734879,"fee":27788.5,"nC":28},"2-x":{"n":40975,"wins":1,"top10":11,"cash":7018,"pay":66682.10841705822,"fee":148213.5,"nC":28},"scattered":{"n":6869,"wins":1,"top10":1,"cash":807,"pay":5561.363007518797,"fee":24671.25,"nC":28}},"main":{"5-2":{"n":37343,"wins":2,"top10":38,"cash":8468,"pay":81801.84433543854,"fee":115361,"nC":10},"5-3":{"n":20230,"wins":2,"top10":17,"cash":4746,"pay":37233.75718689991,"fee":66549.5,"nC":10},"3-2":{"n":7447,"wins":2,"top10":8,"cash":1956,"pay":18396.056441916386,"fee":25935.5,"nC":10},"4-2":{"n":8369,"wins":1,"top10":5,"cash":1801,"pay":63278.614308176104,"fee":28293.75,"nC":10},"4-4":{"n":3295,"wins":0,"top10":4,"cash":725,"pay":7452.193941916388,"fee":12727.25,"nC":10},"5-1":{"n":11813,"wins":0,"top10":9,"cash":2760,"pay":21855.80397860402,"fee":41683,"nC":10},"3-1":{"n":1579,"wins":1,"top10":2,"cash":378,"pay":2456.892857142857,"fee":5211.75,"nC":10},"4-1":{"n":2483,"wins":1,"top10":2,"cash":575,"pay":9300.753151260504,"fee":8158.5,"nC":10},"2-x":{"n":9269,"wins":1,"top10":7,"cash":2157,"pay":47512.28432451596,"fee":32697.25,"nC":10},"4-3":{"n":7791,"wins":0,"top10":8,"cash":1723,"pay":26160.33140734282,"fee":29474.25,"nC":10},"3-3":{"n":3077,"wins":0,"top10":2,"cash":668,"pay":6739.1695492662475,"fee":12300.75,"nC":10},"scattered":{"n":544,"wins":0,"top10":0,"cash":122,"pay":811.7985175202157,"fee":1635.75,"nC":10}}},"global":{"5-2":{"n":168243,"wins":21,"top10":177,"cash":39466,"pay":535061.4228576003,"fee":506742,"nC":38},"4-1":{"n":14141,"wins":1,"top10":7,"cash":3000,"pay":36891.231330493654,"fee":46773.75,"nC":38},"5-3":{"n":89761,"wins":5,"top10":68,"cash":22739,"pay":246620.02227472607,"fee":288777.5,"nC":38},"5-1":{"n":59867,"wins":2,"top10":34,"cash":13913,"pay":177571.26553455731,"fee":209087,"nC":38},"4-2":{"n":37048,"wins":3,"top10":27,"cash":8383,"pay":137416.68905096946,"fee":127103.75,"nC":38},"4-4":{"n":14423,"wins":6,"top10":18,"cash":3458,"pay":75122.80937928836,"fee":58654.25,"nC":38},"3-2":{"n":30161,"wins":5,"top10":20,"cash":6881,"pay":63660.40780848318,"fee":112559,"nC":38},"4-3":{"n":36379,"wins":1,"top10":21,"cash":8500,"pay":82245.46823673353,"fee":132829,"nC":38},"3-3":{"n":13885,"wins":0,"top10":6,"cash":3126,"pay":29470.358292655936,"fee":55412.25,"nC":38},"3-1":{"n":9364,"wins":2,"top10":4,"cash":1883,"pay":14535.770967877736,"fee":33000.25,"nC":38},"2-x":{"n":50244,"wins":2,"top10":18,"cash":9175,"pay":114194.39274157422,"fee":180910.75,"nC":38},"scattered":{"n":7413,"wins":1,"top10":1,"cash":929,"pay":6373.161525039012,"fee":26307,"nC":38}}},"shapeRoi":{"small":{"fieldAvgRoiPct":0,"shapes":{}},"main":{"fieldAvgRoiPct":-15,"shapes":{"5-2":{"winLift":0.921,"top10Lift":1.063,"cashLift":0.985,"winPct":0.005,"top10Pct":0.1,"cashPct":22.7,"roiPct":-29.1,"nEntries":37343,"wins":2,"top10":38,"cash":8468,"nContests":10},"5-3":{"winLift":1.024,"top10Lift":0.98,"cashLift":1.017,"winPct":0.01,"top10Pct":0.08,"cashPct":23.5,"roiPct":-44.1,"nEntries":20230,"wins":2,"top10":17,"cash":4746,"nContests":10},"3-2":{"winLift":1.408,"top10Lift":1.032,"cashLift":1.117,"winPct":0.027,"top10Pct":0.11,"cashPct":26.3,"roiPct":-29.1,"nEntries":7447,"wins":2,"top10":8,"cash":1956,"nContests":10},"4-2":{"winLift":1.039,"top10Lift":0.963,"cashLift":0.946,"winPct":0.012,"top10Pct":0.06,"cashPct":21.5,"roiPct":123.6,"nEntries":8369,"wins":1,"top10":5,"cash":1801,"nContests":10},"4-4":{"winLift":1,"top10Lift":1.032,"cashLift":0.971,"winPct":0,"top10Pct":0.12,"cashPct":22,"roiPct":-41.4,"nEntries":3295,"wins":0,"top10":4,"cash":725,"nContests":10},"5-1":{"winLift":1,"top10Lift":0.972,"cashLift":1.013,"winPct":0,"top10Pct":0.08,"cashPct":23.4,"roiPct":-47.6,"nEntries":11813,"wins":0,"top10":9,"cash":2760,"nContests":10},"3-1":{"winLift":1.686,"top10Lift":1.019,"cashLift":1.019,"winPct":0.063,"top10Pct":0.13,"cashPct":23.9,"roiPct":-52.9,"nEntries":1579,"wins":1,"top10":2,"cash":378,"nContests":10},"4-1":{"winLift":1.396,"top10Lift":0.995,"cashLift":1.003,"winPct":0.04,"top10Pct":0.08,"cashPct":23.2,"roiPct":14,"nEntries":2483,"wins":1,"top10":2,"cash":575,"nContests":10},"2-x":{"winLift":1.025,"top10Lift":0.976,"cashLift":1.009,"winPct":0.011,"top10Pct":0.08,"cashPct":23.3,"roiPct":45.3,"nEntries":9269,"wins":1,"top10":7,"cash":2157,"nContests":10},"4-3":{"winLift":1,"top10Lift":1.023,"cashLift":0.968,"winPct":0,"top10Pct":0.1,"cashPct":22.1,"roiPct":-11.2,"nEntries":7791,"wins":0,"top10":8,"cash":1723,"nContests":10},"3-3":{"winLift":1,"top10Lift":0.987,"cashLift":0.964,"winPct":0,"top10Pct":0.06,"cashPct":21.7,"roiPct":-45.2,"nEntries":3077,"wins":0,"top10":2,"cash":668,"nContests":10},"scattered":{"winLift":1,"top10Lift":1,"cashLift":0.994,"winPct":0,"top10Pct":0,"cashPct":22.4,"roiPct":-50.4,"nEntries":544,"wins":0,"top10":0,"cash":122,"nContests":10}}},"large":{"fieldAvgRoiPct":-14.4,"shapes":{"5-2":{"winLift":1.39,"top10Lift":1.375,"cashLift":1.037,"winPct":0.015,"top10Pct":0.11,"cashPct":23.7,"roiPct":15.8,"nEntries":130900,"wins":19,"top10":139,"cash":30998,"nContests":28},"4-1":{"winLift":1,"top10Lift":0.955,"cashLift":0.924,"winPct":0,"top10Pct":0.04,"cashPct":20.8,"roiPct":-28.6,"nEntries":11658,"wins":0,"top10":5,"cash":2425,"nContests":28},"5-3":{"winLift":0.853,"top10Lift":1.014,"cashLift":1.13,"winPct":0.004,"top10Pct":0.07,"cashPct":25.9,"roiPct":-5.8,"nEntries":69531,"wins":3,"top10":51,"cash":17993,"nContests":28},"5-1":{"winLift":0.889,"top10Lift":0.895,"cashLift":1.016,"winPct":0.004,"top10Pct":0.05,"cashPct":23.2,"roiPct":-7,"nEntries":48054,"wins":2,"top10":25,"cash":11153,"nContests":28},"4-2":{"winLift":0.949,"top10Lift":1.025,"cashLift":1.005,"winPct":0.007,"top10Pct":0.08,"cashPct":23,"roiPct":-25,"nEntries":28679,"wins":2,"top10":22,"cash":6582,"nContests":28},"4-4":{"winLift":3,"top10Lift":1.196,"cashLift":1.066,"winPct":0.054,"top10Pct":0.13,"cashPct":24.6,"roiPct":47.3,"nEntries":11128,"wins":6,"top10":14,"cash":2733,"nContests":28},"3-2":{"winLift":1.113,"top10Lift":0.94,"cashLift":0.953,"winPct":0.013,"top10Pct":0.05,"cashPct":21.7,"roiPct":-47.7,"nEntries":22714,"wins":3,"top10":12,"cash":4925,"nContests":28},"4-3":{"winLift":0.931,"top10Lift":0.911,"cashLift":1.036,"winPct":0.003,"top10Pct":0.05,"cashPct":23.7,"roiPct":-45.7,"nEntries":28588,"wins":1,"top10":13,"cash":6777,"nContests":28},"3-3":{"winLift":1,"top10Lift":0.956,"cashLift":0.997,"winPct":0,"top10Pct":0.04,"cashPct":22.7,"roiPct":-47.3,"nEntries":10808,"wins":0,"top10":4,"cash":2458,"nContests":28},"3-1":{"winLift":1.042,"top10Lift":0.969,"cashLift":0.879,"winPct":0.013,"top10Pct":0.03,"cashPct":19.3,"roiPct":-56.5,"nEntries":7785,"wins":1,"top10":2,"cash":1505,"nContests":28},"2-x":{"winLift":0.918,"top10Lift":0.865,"cashLift":0.764,"winPct":0.002,"top10Pct":0.03,"cashPct":17.1,"roiPct":-55,"nEntries":40975,"wins":1,"top10":11,"cash":7018,"nContests":28},"scattered":{"winLift":1.062,"top10Lift":0.981,"cashLift":0.675,"winPct":0.015,"top10Pct":0.01,"cashPct":11.7,"roiPct":-77.5,"nEntries":6869,"wins":1,