{"schemaVersion":2,"sport":"mlb","generatedAt":"2026-07-02T14:13:55.629Z","raw":{"buckets":{"main":{"5-1":{"n":21062,"wins":1,"top10":18,"cash":4671,"pay":45670.4269971085,"fee":74627.5,"nC":15},"4-2":{"n":14879,"wins":4,"top10":13,"cash":3124,"pay":128807.98682933312,"fee":54141.5,"nC":15},"5-2":{"n":54155,"wins":3,"top10":56,"cash":12750,"pay":114961.71265361477,"fee":165763.75,"nC":15},"4-3":{"n":12736,"wins":0,"top10":10,"cash":2879,"pay":35235.96102556942,"fee":48805,"nC":15},"3-2":{"n":13212,"wins":2,"top10":11,"cash":3223,"pay":27513.40183632084,"fee":47814.5,"nC":15},"5-3":{"n":26826,"wins":2,"top10":23,"cash":6349,"pay":63098.18460890317,"fee":86143.25,"nC":15},"2-x":{"n":15715,"wins":1,"top10":12,"cash":3615,"pay":58681.548417606784,"fee":57421.75,"nC":15},"3-3":{"n":5577,"wins":0,"top10":2,"cash":1225,"pay":10795.740793108613,"fee":21370.75,"nC":15},"4-4":{"n":4323,"wins":0,"top10":4,"cash":996,"pay":9924.771528123285,"fee":17008.5,"nC":15},"3-1":{"n":3010,"wins":1,"top10":2,"cash":663,"pay":5279.060850069471,"fee":11116,"nC":15},"4-1":{"n":5065,"wins":1,"top10":3,"cash":1087,"pay":13210.155942721918,"fee":18031.75,"nC":15},"scattered":{"n":1063,"wins":0,"top10":0,"cash":219,"pay":1318.5485175202157,"fee":3271,"nC":15}},"large":{"5-2":{"n":161958,"wins":13,"top10":165,"cash":38608,"pay":516097.21773011406,"fee":482100.75,"nC":35},"4-1":{"n":14147,"wins":0,"top10":8,"cash":3002,"pay":30613.89752312458,"fee":45701.25,"nC":35},"5-3":{"n":86229,"wins":3,"top10":68,"cash":22414,"pay":255218.68951961698,"fee":281454.25,"nC":35},"5-1":{"n":59787,"wins":4,"top10":37,"cash":13958,"pay":231602.91361852817,"fee":201540,"nC":35},"4-2":{"n":34972,"wins":2,"top10":26,"cash":8109,"pay":84020.93841379634,"fee":119203.5,"nC":35},"4-4":{"n":14016,"wins":4,"top10":15,"cash":3437,"pay":73480.60843132577,"fee":57048,"nC":35},"3-2":{"n":28225,"wins":1,"top10":17,"cash":6081,"pay":73841.4396492475,"fee":106034.5,"nC":35},"4-3":{"n":35492,"wins":2,"top10":15,"cash":8509,"pay":69701.97108822821,"fee":125749,"nC":35},"3-3":{"n":13485,"wins":0,"top10":4,"cash":3031,"pay":27068.506267106754,"fee":52381.25,"nC":35},"3-1":{"n":9577,"wins":1,"top10":3,"cash":1813,"pay":14650.007687866937,"fee":33190.25,"nC":35},"2-x":{"n":50431,"wins":1,"top10":11,"cash":8799,"pay":77471.19706352612,"fee":176558.25,"nC":35},"scattered":{"n":7806,"wins":1,"top10":1,"cash":946,"pay":6328.363007518797,"fee":27517.5,"nC":35}}},"global":{"5-1":{"n":80849,"wins":5,"top10":55,"cash":18629,"pay":277273.3406156367,"fee":276167.5,"nC":50},"4-2":{"n":49851,"wins":6,"top10":39,"cash":11233,"pay":212828.9252431292,"fee":173345,"nC":50},"5-2":{"n":216113,"wins":16,"top10":221,"cash":51358,"pay":631058.9303837273,"fee":647864.5,"nC":50},"4-3":{"n":48228,"wins":2,"top10":25,"cash":11388,"pay":104937.93211379764,"fee":174554,"nC":50},"3-2":{"n":41437,"wins":3,"top10":28,"cash":9304,"pay":101354.84148556837,"fee":153849,"nC":50},"5-3":{"n":113055,"wins":5,"top10":91,"cash":28763,"pay":318316.87412852026,"fee":367597.5,"nC":50},"2-x":{"n":66146,"wins":2,"top10":23,"cash":12414,"pay":136152.74548113302,"fee":233980,"nC":50},"3-3":{"n":19062,"wins":0,"top10":6,"cash":4256,"pay":37864.24706021534,"fee":73752,"nC":50},"4-4":{"n":18339,"wins":4,"top10":19,"cash":4433,"pay":83405.3799594491,"fee":74056.5,"nC":50},"3-1":{"n":12587,"wins":2,"top10":5,"cash":2476,"pay":19929.068537936404,"fee":44306.25,"nC":50},"4-1":{"n":19212,"wins":1,"top10":11,"cash":4089,"pay":43824.05346584649,"fee":63733,"nC":50},"scattered":{"n":8869,"wins":1,"top10":1,"cash":1165,"pay":7646.911525039012,"fee":30788.5,"nC":50}},"winKeys":{"2026-07-01|e2553650e1994360":1,"2026-07-01|908f37915ffe7d5c":1,"2026-07-01|b06bfa39aae69ad0":1,"2026-07-01|ae59448656e4e730":1,"2026-07-01|3dd1300f2dc711c0":1,"2026-06-30|ba13a047375e3076":1,"2026-06-30|cebc0ac9c36e4a39":1,"2026-06-30|87775c99928a5258":1,"2026-06-30|485dbd13aaf496f6":1,"2026-06-30|54ea2386a7a31cbc":1,"2026-06-29|85c7a68bb5f225f4":1,"2026-06-29|91068debba38bd87":1,"2026-06-29|bbf7cbd92f4dfa64":1,"2026-06-28|af39403287d801b2":1,"2026-06-28|b1aea23f8c06911f":1,"2026-06-28|e4bca07843616594":1,"2026-06-28|58842cb4808a795f":1,"2026-06-28|800345dcb0aa1dee":1,"2026-06-27|c328e6e90dd6b56b":1,"2026-06-27|497b9eee9c645de5":1,"2026-06-27|91c0918f22c9d9a1":1,"2026-06-27|fe1a4dc6e663ef02":1,"2026-06-27|ebcfadb34ce6d605":1,"2026-06-26|e6c7e17bfc75ed60":1,"2026-06-26|911b0e6e1f7d4a80":1,"2026-06-26|3efe5bee419d83e8":1,"2026-06-26|cb1c97d85bd2efde":1,"2026-06-26|82b08d8ddb99e31b":1,"2026-06-25|8ac5250f35bdd183":1,"2026-06-25|026beab33acbb46d":1,"2026-06-25|60a00cc1d8e3981b":1,"2026-06-25|b36694e42093e2ce":1,"2026-06-25|652af9d99d84f4b7":1,"2026-06-24|9ca92d76a52f2e13":1,"2026-06-24|d9d62e30a4147842":1,"2026-06-24|89ca1e67a396c7ae":1,"2026-06-24|0e4fb1e17cb27ac4":1,"2026-06-24|4be39fc0c7e01658":1,"2026-06-23|b1d6dec01d2a1a14":1,"2026-06-23|68eca8be72654e99":1,"2026-06-23|23910d80f40371f2":1,"2026-06-23|6fddf0a7cbf4c980":1,"2026-06-22|7c8cad81106bc325":1,"2026-06-21|a539c0b65ccb6235":1,"2026-06-21|e992349d894d1211":1,"2026-06-21|8b197cf97fa46893":1,"2026-06-21|398798a07cbd604f":1}},"shapeRoi":{"small":{"fieldAvgRoiPct":0,"shapes":{}},"main":{"fieldAvgRoiPct":-15,"shapes":{"5-1":{"winLift":0.951,"top10Lift":0.996,"cashLift":0.968,"winPct":0.005,"top10Pct":0.09,"cashPct":22.2,"roiPct":-38.8,"nEntries":21062,"wins":1,"top10":18,"cash":4671,"nContests":15},"4-2":{"winLift":1.728,"top10Lift":1.002,"cashLift":0.924,"winPct":0.027,"top10Pct":0.09,"cashPct":21,"roiPct":137.9,"nEntries":14879,"wins":4,"top10":13,"cash":3124,"nContests":15},"5-2":{"winLift":0.906,"top10Lift":1.112,"cashLift":1.024,"winPct":0.006,"top10Pct":0.1,"cashPct":23.5,"roiPct":-30.6,"nEntries":54155,"wins":3,"top10":56,"cash":12750,"nContests":15},"4-3":{"winLift":1,"top10Lift":0.981,"cashLift":0.986,"winPct":0,"top10Pct":0.08,"cashPct":22.6,"roiPct":-27.8,"nEntries":12736,"wins":0,"top10":10,"cash":2879,"nContests":15},"3-2":{"winLift":1.159,"top10Lift":0.991,"cashLift":1.055,"winPct":0.015,"top10Pct":0.08,"cashPct":24.4,"roiPct":-42.5,"nEntries":13212,"wins":2,"top10":11,"cash":3223,"nContests":15},"5-3":{"winLift":0.977,"top10Lift":0.996,"cashLift":1.029,"winPct":0.007,"top10Pct":0.09,"cashPct":23.7,"roiPct":-26.8,"nEntries":26826,"wins":2,"top10":23,"cash":6349,"nContests":15},"2-x":{"winLift":0.973,"top10Lift":0.972,"cashLift":1.001,"winPct":0.006,"top10Pct":0.08,"cashPct":23,"roiPct":2.2,"nEntries":15715,"wins":1,"top10":12,"cash":3615,"nContests":15},"3-3":{"winLift":1,"top10Lift":0.972,"cashLift":0.967,"winPct":0,"top10Pct":0.04,"cashPct":22,"roiPct":-49.5,"nEntries":5577,"wins":0,"top10":2,"cash":1225,"nContests":15},"4-4":{"winLift":1,"top10Lift":1.006,"cashLift":1.002,"winPct":0,"top10Pct":0.09,"cashPct":23,"roiPct":-41.6,"nEntries":4323,"wins":0,"top10":4,"cash":996,"nContests":15},"3-1":{"winLift":1.326,"top10Lift":0.989,"cashLift":0.974,"winPct":0.033,"top10Pct":0.07,"cashPct":22,"roiPct":-52.5,"nEntries":3010,"wins":1,"top10":2,"cash":663,"nContests":15},"4-1":{"winLift":1.149,"top10Lift":0.978,"cashLift":0.952,"winPct":0.02,"top10Pct":0.06,"cashPct":21.5,"roiPct":-26.7,"nEntries":5065,"wins":1,"top10":3,"cash":1087,"nContests":15},"scattered":{"winLift":1,"top10Lift":1,"cashLift":0.964,"winPct":0,"top10Pct":0,"cashPct":20.6,"roiPct":-59.7,"nEntries":1063,"wins":0,"top10":0,"cash":219,"nContests":15}}},"large":{"fieldAvgRoiPct":-14.5,"shapes":{"5-2":{"winLift":1.182,"top10Lift":1.339,"cashLift":1.036,"winPct":0.008,"top10Pct":0.1,"cashPct":23.8,"roiPct":7.1,"nEntries":161958,"wins":13,"top10":165,"cash":38608,"nContests":35},"4-1":{"winLift":1,"top10Lift":0.965,"cashLift":0.932,"winPct":0,"top10Pct":0.06,"cashPct":21.2,"roiPct":-33,"nEntries":14147,"wins":0,"top10":8,"cash":3002,"nContests":35},"5-3":{"winLift":0.88,"top10Lift":1.063,"cashLift":1.128,"winPct":0.003,"top10Pct":0.08,"cashPct":26,"roiPct":-9.3,"nEntries":86229,"wins":3,"top10":68,"cash":22414,"nContests":35},"5-1":{"winLift":1.026,"top10Lift":0.934,